HCAHPS Measure ID,HCAHPS Question,HCAHPS Answer Description,HCAHPS Answer Percent,Footnote,Measure Start Date,Measure End Date
"H_COMP_3_U_P","Patients who reported that they ""Usually"" received help as soon as they wanted","Patients ""usually"" received help as soon as they wanted","22","","01/01/2017","12/31/2017"
"H_COMP_3_SN_P","Patients who reported that they ""Sometimes"" or ""Never"" received help as soon as they wanted","Patients ""sometimes"" or ""never"" received help as soon as they wanted","8","","01/01/2017","12/31/2017"
"H_COMP_1_A_P","Patients who reported that their nurses ""Always"" communicated well","Nurses ""always"" communicated well","80","","01/01/2017","12/31/2017"
"H_COMP_1_U_P","Patients who reported that their nurses ""Usually"" communicated well","Nurses ""usually"" communicated well","16","","01/01/2017","12/31/2017"
"H_COMP_1_SN_P","Patients who reported that their nurses ""Sometimes"" or ""Never"" communicated well","Nurses ""sometimes"" or ""never"" communicated well","4","","01/01/2017","12/31/2017"
"H_COMP_2_A_P","Patients who reported that their doctors ""Always"" communicated well","Doctors ""always"" communicated well","82","","01/01/2017","12/31/2017"
"H_COMP_2_U_P","Patients who reported that their doctors ""Usually"" communicated well","Doctors ""usually"" communicated well","14","","01/01/2017","12/31/2017"
"H_COMP_2_SN_P","Patients who reported that their doctors ""Sometimes"" or ""Never"" communicated well","Doctors ""sometimes"" or ""never"" communicated well","4","","01/01/2017","12/31/2017"
"H_COMP_3_A_P","Patients who reported that they ""Always"" received help as soon as they wanted","Patients ""always"" received help as soon as they wanted","70","","01/01/2017","12/31/2017"
"H_COMP_5_A_P","Patients who reported that staff ""Always"" explained about medicines before giving it to them","Staff ""always"" explained","66","","01/01/2017","12/31/2017"
"H_COMP_5_U_P","Patients who reported that staff ""Usually"" explained about medicines before giving it to them","Staff ""usually"" explained","17","","01/01/2017","12/31/2017"
"H_COMP_5_SN_P","Patients who reported that staff ""Sometimes"" or ""Never"" explained about medicines before giving it to them","Staff ""sometimes"" or ""never"" explained","17","","01/01/2017","12/31/2017"
"H_CLEAN_HSP_A_P","Patients who reported that their room and bathroom were ""Always"" clean","Room was ""always"" clean","75","","01/01/2017","12/31/2017"
"H_CLEAN_HSP_U_P","Patients who reported that their room and bathroom were ""Usually"" clean","Room was ""usually"" clean","17","","01/01/2017","12/31/2017"
"H_CLEAN_HSP_SN_P","Patients who reported that their room and bathroom were ""Sometimes"" or ""Never"" clean","Room was ""sometimes"" or ""never"" clean","8","","01/01/2017","12/31/2017"
"H_QUIET_HSP_A_P","Patients who reported that the area around their room was ""Always"" quiet at night","""Always"" quiet at night","62","","01/01/2017","12/31/2017"
"H_QUIET_HSP_U_P","Patients who reported that the area around their room was ""Usually"" quiet at night","""Usually"" quiet at night","28","","01/01/2017","12/31/2017"
"H_QUIET_HSP_SN_P","Patients who reported that the area around their room was ""Sometimes"" or ""Never"" quiet at night","""Sometimes"" or ""never"" quiet at night","10","","01/01/2017","12/31/2017"
"H_COMP_6_Y_P","Patients who reported that YES, they were given information about what to do during their recovery at home","Yes, staff ""did"" give patients this information","87","","01/01/2017","12/31/2017"
"H_COMP_6_N_P","Patients who reported that NO, they were not given information about what to do during their recovery at home","No, staff ""did not"" give patients this information","13","","01/01/2017","12/31/2017"
"H_COMP_7_SA","Patients who ""Strongly Agree"" they understood their care when they left the hospital","Patients who ""Strongly Agree"" they understood their care when they left the hospital","53","","01/01/2017","12/31/2017"
"H_COMP_7_A","Patients who ""Agree"" they understood their care when they left the hospital","Patients who ""Agree"" they understood their care when they left the hospital","42","","01/01/2017","12/31/2017"
"H_COMP_7_D_SD","Patients who ""Disagree"" or ""Strongly Disagree"" they understood their care when they left the hospital","Patients who ""Disagree"" or ""Strongly Disagree"" they understood their care when they left the hospital","5","","01/01/2017","12/31/2017"
"H_HSP_RATING_9_10","Patients who gave their hospital a rating of 9 or 10 on a scale from 0 (lowest) to 10 (highest)","Patients who gave a rating of ""9"" or ""10"" (high)","73","","01/01/2017","12/31/2017"
"H_HSP_RATING_7_8","Patients who gave their hospital a rating of 7 or 8 on a scale from 0 (lowest) to 10 (highest)","Patients who gave a rating of ""7"" or ""8"" (medium)","19","","01/01/2017","12/31/2017"
"H_HSP_RATING_0_6","Patients who gave their hospital a rating of 6 or lower on a scale from 0 (lowest) to 10 (highest)","Patients who gave a rating of ""6"" or lower (low)","8","","01/01/2017","12/31/2017"
"H_RECMND_DY","Patients who reported YES, they would definitely recommend the hospital","""YES"", patients would definitely recommend the hospital","72","","01/01/2017","12/31/2017"
"H_RECMND_PY","Patients who reported YES, they would probably recommend the hospital","""YES"", patients would probably recommend the hospital","23","","01/01/2017","12/31/2017"
"H_RECMND_DN","Patients who reported NO, they would probably not or definitely not recommend the hospital","""NO"", patients would not recommend the hospital (they probably would not or definitely would not recommend it)","5","","01/01/2017","12/31/2017"
