Measure Name,Measure ID,Score,Footnote,Measure Start Date,Measure End Date
"Central Line Associated Bloodstream Infection (ICU + select Wards)","HAI_1_SIR","1","20 - State and national averages do not include VHA hospital data.","01/01/2017","12/31/2017"
"Catheter Associated Urinary Tract Infections (ICU + select Wards)","HAI_2_SIR","1","20 - State and national averages do not include VHA hospital data.","01/01/2017","12/31/2017"
"SSI - Colon Surgery","HAI_3_SIR","1","20 - State and national averages do not include VHA hospital data.","01/01/2017","12/31/2017"
"SSI - Abdominal Hysterectomy","HAI_4_SIR","1","20 - State and national averages do not include VHA hospital data.","01/01/2017","12/31/2017"
"MRSA Bacteremia","HAI_5_SIR","1","20 - State and national averages do not include VHA hospital data.","01/01/2017","12/31/2017"
"Clostridium Difficile (C.Diff)","HAI_6_SIR","1","20 - State and national averages do not include VHA hospital data.","01/01/2017","12/31/2017"
