Measure ID,Measure Name,Score,Footnote,Measure Start Date,Measure End Date
"OP_10","Abdomen CT Use of Contrast Material","7.8","20 - State and national averages do not include VHA hospital data.","07/01/2016","06/30/2017"
"OP_11","Thorax CT Use of Contrast Material","1.5","20 - State and national averages do not include VHA hospital data.","07/01/2016","06/30/2017"
"OP_13","Outpatients who got cardiac imaging stress tests before low-risk outpatient surgery","4.6","20 - State and national averages do not include VHA hospital data.","07/01/2016","06/30/2017"
"OP_14","Outpatients with brain CT scans who got a sinus CT scan at the same time","1.1","20 - State and national averages do not include VHA hospital data.","07/01/2016","06/30/2017"
"OP_8","MRI Lumbar Spine for Low Back Pain","39.3","20 - State and national averages do not include VHA hospital data.","07/01/2016","06/30/2017"
"OP_9","Mammography Follow-up Rates","8.9","20 - State and national averages do not include VHA hospital data.","07/01/2016","06/30/2017"
