"Measure ID","Measure Description","National Rate","Better","No Different","Worse","Too Small","Start Date","End Date"
PCH-30,Admissions for Patients Receiving Outpatient Chemotherapy,13.2,1,8,2,0,07/01/2022,06/30/2023
PCH-31,Emergency Department (ED) Visits for Patients Receiving Outpatient Chemotherapy,5.4,1,9,1,0,07/01/2022,06/30/2023
PCH-36,30-Day Unplanned Readmission for Cancer Patients,20.8,1,9,1,0,10/01/2021,09/30/2022
PCH-37,Surgical treatment complications for localized prostate cancer,49.5,Not Applicable,Not Applicable,Not Applicable,Not Applicable,07/01/2021,06/30/2022
