"State","Measure ID","Measure Name","Score","Footnote","Start Date","End Date"
AK,PC_01,Elective Delivery,3,26,01/01/2021,12/31/2021
AL,PC_01,Elective Delivery,2,26,01/01/2021,12/31/2021
AR,PC_01,Elective Delivery,3,26,01/01/2021,12/31/2021
AS,PC_01,Elective Delivery,Not Available,5,01/01/2021,12/31/2021
AZ,PC_01,Elective Delivery,3,26,01/01/2021,12/31/2021
CA,PC_01,Elective Delivery,3,26,01/01/2021,12/31/2021
CO,PC_01,Elective Delivery,1,26,01/01/2021,12/31/2021
CT,PC_01,Elective Delivery,2,26,01/01/2021,12/31/2021
DC,PC_01,Elective Delivery,0,26,01/01/2021,12/31/2021
DE,PC_01,Elective Delivery,3,26,01/01/2021,12/31/2021
FL,PC_01,Elective Delivery,2,26,01/01/2021,12/31/2021
GA,PC_01,Elective Delivery,2,26,01/01/2021,12/31/2021
GU,PC_01,Elective Delivery,Not Available,5,01/01/2021,12/31/2021
HI,PC_01,Elective Delivery,1,26,01/01/2021,12/31/2021
IA,PC_01,Elective Delivery,2,26,01/01/2021,12/31/2021
ID,PC_01,Elective Delivery,2,26,01/01/2021,12/31/2021
IL,PC_01,Elective Delivery,2,26,01/01/2021,12/31/2021
IN,PC_01,Elective Delivery,1,26,01/01/2021,12/31/2021
KS,PC_01,Elective Delivery,2,26,01/01/2021,12/31/2021
KY,PC_01,Elective Delivery,3,26,01/01/2021,12/31/2021
LA,PC_01,Elective Delivery,2,26,01/01/2021,12/31/2021
MA,PC_01,Elective Delivery,1,26,01/01/2021,12/31/2021
MD,PC_01,Elective Delivery,1,26,01/01/2021,12/31/2021
ME,PC_01,Elective Delivery,2,26,01/01/2021,12/31/2021
MI,PC_01,Elective Delivery,2,26,01/01/2021,12/31/2021
MN,PC_01,Elective Delivery,2,26,01/01/2021,12/31/2021
MO,PC_01,Elective Delivery,2,26,01/01/2021,12/31/2021
MP,PC_01,Elective Delivery,Not Available,5,01/01/2021,12/31/2021
MS,PC_01,Elective Delivery,2,26,01/01/2021,12/31/2021
MT,PC_01,Elective Delivery,1,26,01/01/2021,12/31/2021
NC,PC_01,Elective Delivery,2,26,01/01/2021,12/31/2021
ND,PC_01,Elective Delivery,6,26,01/01/2021,12/31/2021
NE,PC_01,Elective Delivery,2,26,01/01/2021,12/31/2021
NH,PC_01,Elective Delivery,3,26,01/01/2021,12/31/2021
NJ,PC_01,Elective Delivery,2,26,01/01/2021,12/31/2021
NM,PC_01,Elective Delivery,3,26,01/01/2021,12/31/2021
NV,PC_01,Elective Delivery,2,26,01/01/2021,12/31/2021
NY,PC_01,Elective Delivery,2,26,01/01/2021,12/31/2021
OH,PC_01,Elective Delivery,2,26,01/01/2021,12/31/2021
OK,PC_01,Elective Delivery,3,26,01/01/2021,12/31/2021
OR,PC_01,Elective Delivery,2,26,01/01/2021,12/31/2021
PA,PC_01,Elective Delivery,1,26,01/01/2021,12/31/2021
PR,PC_01,Elective Delivery,4,26,01/01/2021,12/31/2021
RI,PC_01,Elective Delivery,2,26,01/01/2021,12/31/2021
SC,PC_01,Elective Delivery,1,26,01/01/2021,12/31/2021
SD,PC_01,Elective Delivery,2,26,01/01/2021,12/31/2021
TN,PC_01,Elective Delivery,2,26,01/01/2021,12/31/2021
TX,PC_01,Elective Delivery,3,26,01/01/2021,12/31/2021
UT,PC_01,Elective Delivery,3,26,01/01/2021,12/31/2021
VA,PC_01,Elective Delivery,1,26,01/01/2021,12/31/2021
VI,PC_01,Elective Delivery,Not Available,5,01/01/2021,12/31/2021
VT,PC_01,Elective Delivery,13,26,01/01/2021,12/31/2021
WA,PC_01,Elective Delivery,2,26,01/01/2021,12/31/2021
WI,PC_01,Elective Delivery,2,26,01/01/2021,12/31/2021
WV,PC_01,Elective Delivery,2,26,01/01/2021,12/31/2021
WY,PC_01,Elective Delivery,3,26,01/01/2021,12/31/2021
