"CMS Certification Number","Facility Name","Address","City","County","State","Zip","Telephone","Patients who reported that staff definitely gave care in a professional way and the facility was clean","Patients who reported that staff somewhat gave care in a professional way or the facility was somewhat clean","Patients who reported that staff did not give care in a professional way or the facility was not clean","Facilities and staff linear mean score","Patients who reported that staff definitely communicated about what to expect during and after the procedure","Patients who reported that staff somewhat communicated about what to expect during and after the procedure","Patients who reported that staff did not communicate about what to expect during and after the procedure","Communication about your procedure linear mean score","Patients who gave the facility a rating of 9 or 10 on a scale from 0 (lowest) to 10 (highest)","Patients who gave the facility a rating of 7 or 8 on a scale from 0 (lowest) to 10 (highest)","Patients who gave the facility a rating of 0 to 6 on a scale from 0 (lowest) to 10 (highest)","Patients� rating of the facility linear mean score","Patients who reported YES they would DEFINITELY recommend the facility to family or friends.","Patients who reported PROBABLY YES they would recommend the facility to family or friends.","Patients who reported NO, they would not recommend the facility to family or friends.","Patients recommending the facility linear mean score","Footnote","Number of Sampled Patients","Number of Completed Surveys","Survey Response Rate Percent","Measure Start Date","Measure End Date"
"01C0001020","MEDPLEX OUTPATIENT SURGERY CENTER LTD","4511 SOUTHLAKE PARKWAY","BIRMINGHAM",,"AL","35244","2059854398",97,3,0,98,94,5,1,97,92,6,2,95,91,6,3,95,,1102,312,28,01/01/2018,12/31/2018
"01C0001042","GULF COAST SURGICAL PARTNERS LLC","3715 DAUPHIN ST, STE. 503B","MOBILE",,"AL","36608","2512724934",98,2,0,99,94,5,1,96,85,13,2,94,90,9,1,96,,1159,329,29,01/01/2018,12/31/2018
"01C0001051","ALABAMA DIGESTIVE HEALTH ENDOSCOPY CENTER LLC","2010 BROOKWOOD MEDICAL CTR DR  G100","BIRMINGHAM",,"AL","35209","2058771187",97,2,1,98,91,7,2,95,83,15,2,93,82,15,3,93,,1162,292,25,01/01/2018,12/31/2018
"02C0001011","PROVIDENCE SURGERY CENTERS LLC","3831 PIPER ST. S110","ANCHORAGE",,"AK","99508","9073397800",,,,,,,,,,,,,,,,,"4",,,,,
"03C0001016","SURGERY CENTER OF PEORIA LLC","13260 NORTH 94TH DR SUITE 200","PEORIA",,"AZ","85381","6239332900",98,2,0,99,90,9,1,94,87,12,1,95,84,15,1,94,,1166,256,22,01/01/2018,12/31/2018
"03C0001045","METRO SURGERY CENTER LP","3131 W. PEORIA AVE.","PHOENIX",,"AZ","85029","6023751083",,,,,,,,,,,,,,,,,"4",,,,,
"03C0001052","WARNER PARK SURGERY CENTER LLC DBA CENTER FOR ADVANCE SURGERY","3367 SOUTH MERCY RD SUITE 101","GILBERT",,"AZ","85297","4808992571",97,3,0,98,91,7,2,95,86,12,2,94,85,13,2,94,,1357,461,34,01/01/2018,12/31/2018
"03C0001056","PHYSICIANS SURGERY CENTER OF TEMPE LLC DBA PHYSICIANS SURGERY CENTER OF TEMPE","2905 WEST WARNER RD SUITE 10","CHANDLER",,"AZ","85282","4808207101",96,4,0,98,89,8,3,93,75,21,4,91,76,22,2,91,,1062,302,28,01/01/2018,12/31/2018
"03C0001247","SURGERY CENTER OF SCOTTSDALE LLC DBA MOUNTAIN VIEW SURGERY CENTER OF SCOTTSDALE","8962 EAST DESERT COVE AVE SUITE 120A","SCOTTSDALE",,"AZ","85260","4806615232",96,3,1,98,91,7,2,95,87,11,2,95,84,13,3,93,,1225,286,23,01/01/2018,12/31/2018
"03C0001265","ST JOSEPH'S OUTPATIENT SURGERY CENTER LLC","240 W. THOMAS RD","PHOENIX",,"AZ","85013","6024063552",97,2,1,98,88,10,2,93,85,11,4,93,84,12,4,93,,1194,281,24,01/01/2018,12/31/2018
"03C0001279","CHANDLER ENDOSCOPY AMBULATORY SURGERY CENTER LLC DBA CHANDLER ENDOSCOPY CENTER","2095 WEST PECOS RD SUITE A1","CHANDLER",,"AZ","85224","4802929795",97,3,0,98,94,5,1,96,93,5,2,96,90,9,1,96,,1181,365,31,01/01/2018,12/31/2018
"03C0001286","DIGESTIVE HEALTH SPECIALISTS","8573 EAST PRINCESS DR, SUITE 117","SCOTTSDALE",,"AZ","85255","4805132455",98,2,0,99,92,6,2,95,92,7,1,97,92,7,1,97,"2",2490,943,38,01/01/2018,12/31/2018
"03C0001289","CARONDELET ST MARYS NORTHWEST LLC DBA CARONDELET FOOTHILLS SURGERY CENTER","2220 WEST ORANGE GROVE RD","TUCSON",,"AZ","85741","5208775665",95,4,1,97,89,9,2,93,81,16,3,93,81,17,2,93,,1172,397,34,01/01/2018,12/31/2018
"03C0001290","CAMP LOWELL SURGERY CENTER LLC DBA CAMP LOWELL SURGERY CENTER","4620 EAST CAMP LOWELL DR","TUCSON",,"AZ","85712","5206186058",96,4,0,98,92,7,1,95,86,12,2,94,87,11,2,95,,1172,503,43,01/01/2018,12/31/2018
"03C0001298","SURGICAL ELITE OF AVONDALE LLC","10815 WEST MCDOWELL RD SUITE 101","AVONDALE",,"AZ","85392","6234330192",98,2,0,99,91,8,1,95,88,11,1,95,85,13,2,94,,1539,328,21,01/01/2018,12/31/2018
"03C0001302","PINNACLE SURGERY CENTER OF PEORIA LLC","6790 W. THUNDERBIRD RD.","PEORIA",,"AZ","85381","6239791717",96,4,0,98,91,7,2,94,88,10,2,95,82,16,2,93,,1839,482,26,01/01/2018,12/31/2018
"03C0001305","DESERT RIDGE OUTPATIENT SURGERY LLC","20940 NORTH TATUM BLVD SUITE 100","PHOENIX",,"AZ","85050","4805024020",98,1,1,98,90,8,2,94,90,8,2,95,86,12,2,94,,1015,352,35,01/01/2018,12/31/2018
"03C0001356","SURGERY CENTER OF SCOTTSDALE LLC DBA MOUNTAIN VIEW SURGERY CENTER OF GLENDALE","18555 NORTH 79TH AVE BUILDING C","GLENDALE",,"AZ","85308","6237762500",97,3,0,98,91,8,1,95,84,14,2,93,81,17,2,93,,997,219,22,01/01/2018,12/31/2018
"03C0001357","SURGERY CENTER OF SCOTTSDALE LLC DBA MOUNTAIN VIEW SURGERY CENTER OF GILBERT","2450 EAST GUADALUPE RD SUITE 101","GILBERT",,"AZ","85234","4803988456",95,4,1,97,89,8,3,93,84,13,3,92,82,16,2,93,,1088,246,23,01/01/2018,12/31/2018
"05C0001006","SAN GABRIEL VALLEY SURGICAL CENTER LP","1250 SOUTH SUNSET AVE SUITE 100","WEST COVINA",,"CA","91790","6269606623",96,3,1,98,86,10,4,91,79,19,2,92,76,21,3,91,,1410,515,37,01/01/2018,12/31/2018
"05C0001198","HEALTHCARE PARTNER AMBULATORY SURGERY CENTER","2600 REDONDO AVE, SUITE 103","LONG BEACH",,"CA","90806","5629887162",96,3,1,97,87,10,3,92,83,14,3,93,77,19,4,90,,1821,557,31,01/01/2018,12/31/2018
"05C0001205","NORTH ANAHEIM SURGERY CENTER LLC DBA UNITED PACIFIC SURGERY CENTER","1154 NORTH EUCLID ST","ANAHEIM",,"CA","92801","7146356272",97,3,0,98,89,9,2,94,87,11,2,94,84,14,2,94,,1127,423,38,01/01/2018,12/31/2018
"05C0001287","THE ENDOSCOPY CENTER INC","870 SHASTA ST SUITE 100","YUBA CITY",,"CA","95991","5306713671",,,,,,,,,,,,,,,,,"4",,,,,
"05C0001321","EL MIRADOR SURGICAL CENTER","1180 N. INDIAN CANYON #110","PALM SPRINGS",,"CA","92262","4698936573",95,4,1,97,86,10,4,91,83,13,4,93,82,15,3,93,,1004,360,36,01/01/2018,12/31/2018
"05C0001447","COAST SURGERY CENTER LP","3445 PACIFIC COAST HWY SUITE 110","TORRANCE",,"CA","90505","3103254555",96,3,1,98,89,8,3,93,89,10,1,95,84,15,1,94,,773,206,27,01/01/2018,12/31/2018
"05C0001453","CHICO SURGERY CENTER LP","615 WEST EAST AVE","CHICO",,"CA","95926","5308951800",95,4,1,97,90,7,3,94,85,11,4,93,83,12,5,92,,813,258,32,01/01/2018,12/31/2018
"05C0001481","PAIN DIAGNOSTIC AND TREATMENT CENTER LP","2805 J ST SUITE 200","SACRAMENTO",,"CA","95816","9162318755",97,2,1,98,92,6,2,95,84,12,4,93,84,14,2,93,,1081,314,29,01/01/2018,12/31/2018
"05C0001493","NORTH STATE SURGERY CENTERS LP DBA CT ST SURGERY CENTER","2184 CT ST","REDDING",,"CA","96001","5302257417",97,3,0,98,87,10,3,92,84,13,3,93,84,15,1,94,,1631,576,35,01/01/2018,12/31/2018
"05C0001505","MAGNOLIA SURGERY CENTER LP DBA MAGNOLIA SURGERY CENTER","14571 MAGNOLIA ST SUITE 107","WESTMINSTER",,"CA","92683","7149039039",94,5,1,97,87,9,4,92,69,25,6,88,67,27,6,86,,1057,243,23,01/01/2018,12/31/2018
"05C0001508","AMBULATORY SURGERY CENTER OF STOCKTON","2388 N. CALIFORNIA ST.","STOCKTON",,"CA","95204","2099449100",98,2,0,99,92,6,2,95,94,5,1,97,92,7,1,97,,1338,484,36,01/01/2018,12/31/2018
"05C0001515","SEQUOIA SURGICAL PAVILION","2405 SHADELANDS DR, SUITE 200","WALNUT CREEK",,"CA","94598","9252803814",98,2,0,99,91,8,1,95,90,8,2,95,88,9,3,94,,1241,421,34,01/01/2018,12/31/2018
"05C0001529","SANTA BARBARA SURGERY CENTER LP","3045 DE LA VINA ST","SANTA BARBARA",,"CA","93105","8055693226",,,,,,,,,,,,,,,,,"4",,,,,
"05C0001534","FOLSOM OUTPATIENT SURGERY CENTER LP DBA FOLSOM SURGERY CENTER","1651 CREEKSIDE DR SUITE 100","FOLSOM",,"CA","95630","9166731990",97,3,0,99,92,7,1,95,88,11,1,95,87,11,2,95,,1130,360,32,01/01/2018,12/31/2018
"05C0001558","PACIFIC ENDO-SURGICAL CENTER LP","3445 PACIFIC COAST HWY SUITE 120","TORRANCE",,"CA","90505","3103261666",95,5,0,97,86,11,3,92,79,17,4,91,71,25,4,88,,1427,438,31,01/01/2018,12/31/2018
"05C0001571","UNIVERSITY SURGERY CENTER","1390 E. YOSEMITE AVE. STE. B","MERCED",,"CA","95340","2095803409",,,,,,,,,,,,,,,,,"4",,,,,
"05C0001572","ROSEVILLE SURGERY CENTER LP DBA ROSEVILLE SURGERY CENTER","1420 EAST ROSEVILLE PARKWAY SUITE 100","ROSEVILLE",,"CA","95661","9166772488",97,3,0,98,92,6,2,95,88,9,3,94,83,14,3,93,,1147,351,31,01/01/2018,12/31/2018
"05C0001596","TRESANTI SURGICAL CENTER LLC","5201 NORRIS CANYON RD., # 100","SAN RAMON",,"CA","94583","9259730605",99,1,0,100,92,7,1,96,95,4,1,97,91,8,1,97,,1248,368,29,01/01/2018,12/31/2018
"05C0001643","NORTH STATE SURGERY CENTERS LP DBA MERCY SURGERY CENTER","2175 ROSALINE AVE SUITE A","REDDING",,"CA","96001","5302257417",97,2,1,98,90,8,2,94,88,10,2,94,86,12,2,94,,1305,523,40,01/01/2018,12/31/2018
"05C0001663","SKYWAY SURGERY CENTER LLC","121 RALEY BLVD","CHICO",,"CA","95928","5302302007",97,3,0,98,90,8,2,94,88,11,1,95,87,12,1,95,"2",894,356,40,01/01/2018,12/31/2018
"05C0001711","ST JOSEPH'S SURGERY CENTER LP","1800 NORTH CALIFORNIA ST SUITE 1","STOCKTON",,"CA","95204","2094676316",97,3,0,99,90,8,2,94,89,9,2,95,88,11,1,96,,1060,247,23,01/01/2018,12/31/2018
"05C0001719","SCRIPPS HEALTH","3811 VALLEY CENTRE DR.","SAN DIEGO",,"CA","92130","8586786955",98,2,0,99,95,4,1,97,93,6,1,97,92,7,1,97,,1170,405,35,01/01/2018,12/31/2018
"05C0001750","REAGAN ST SURGERY CENTER LLC","10904 REAGAN ST","LOS ALAMITOS",,"CA","90720","5625963140",96,4,0,98,86,11,3,91,85,12,3,93,81,16,3,92,,1134,384,34,01/01/2018,12/31/2018
"05C0001756","ENCINITAS ENDOSCOPY CENTER LLC","700 GARDEN VIEW CRT, STE. 101","ENCINITAS",,"CA","92024","7602742700",96,3,1,98,89,9,2,94,87,11,2,94,86,12,2,94,,1014,325,32,01/01/2018,12/31/2018
"05C0001757","GRASS VALLEY OUTPATIENT SURGERY CENTER LP DBA GRASS VALLEY SURGERY CENTER","408 SIERRA COLLEGE DR","GRASS VALLEY",,"CA","95945","5302712282",98,2,0,99,88,10,2,93,86,12,2,94,87,12,1,95,,828,327,39,01/01/2018,12/31/2018
"05C0001764","COAST SURGERY CENTER LP","3445 PACIFIC COAST HWY #110","TORRANCE",,"CA","90505","3103254555",97,3,0,99,90,9,1,95,89,10,1,96,85,13,2,94,,1292,406,31,01/01/2018,12/31/2018
"05C0001803","PACIFIC ENDOSCOPY AND SURGERY CENTER LLC","17815 NEWHOPE ST SUITE R","FOUNTAIN VALLEY",,"CA","92708","7144328881",96,4,0,98,93,5,2,96,87,10,3,94,86,10,4,93,,1365,271,20,01/01/2018,12/31/2018
"05C0001830","ASPEN SURGERY CENTER LLC DBA ASPEN SURGERY CENTER","133 LA CASA VIA SUITE 150","WALNUT CREEK",,"CA","94598","9259378100",97,3,0,98,91,7,2,95,84,15,1,94,87,11,2,94,,1404,457,33,01/01/2018,12/31/2018
"05C0001840","OASIS SURGERY CENTER LP","815 AUTO CENTER DR.","PALMDALE",,"CA","93551","6612066262",95,4,1,97,88,9,3,92,89,10,1,95,91,8,1,96,,1422,302,22,01/01/2018,12/31/2018
"05C0001842","SCRIPPS ENCINITAS SURGERY CENTER LLC","320 SANTA FE DR  SUITE LL2","ENCINITAS",,"CA","92024","7606323900",98,2,0,99,91,7,2,95,86,12,2,94,87,11,2,95,,1128,413,37,01/01/2018,12/31/2018
"05C0001860","TALBERT SURGICAL ASSOCIATES","7677 CENTER AVE, # 104","HUNTINGTON BEACH",,"CA","92647","7148818722",97,3,0,98,88,10,2,93,83,14,3,93,78,19,3,91,,1698,529,31,01/01/2018,12/31/2018
"05C0001863","HACIENDA OUTPATIENT SURGERY CENTER LLC DBA HACIENDA SURGERY CENTER","4626 WILLOW RD SUITE 100","PLEASANTON",,"CA","94588","9257346744",97,3,0,99,90,8,2,94,85,14,1,95,85,14,1,95,,1111,366,33,01/01/2018,12/31/2018
"05C0001867","SPECIALTY SURGERY OF FOUNTAIN VALLEY","11190 WARNER AVE.","FOUNTAIN VALLEY",,"CA","92708","7143381650",97,2,1,98,90,7,3,94,84,13,3,93,80,16,4,91,,1145,246,21,01/01/2018,12/31/2018
"05C0001879","SCRIPPS HEALTH","15004 INNOVATION DR.","SAN DIEGO",,"CA","92128","8586786955",98,2,0,99,92,7,1,95,92,7,1,96,91,7,2,96,,1251,407,33,01/01/2018,12/31/2018
"05C0001975","HUNTINGTON AMBULATORY SURGERY CENTER LLC","625 S. FAIR OAKS AVE, SUITE 380","PASADENA",,"CA","91105","6262298990",97,3,0,98,90,8,2,94,88,11,1,95,89,10,1,96,,1340,431,32,01/01/2018,12/31/2018
"05C0002058","UC REGENTS UCLA DEPT OF MEDICINE PROFESSIONAL GROUP","25775 WEST MCBEAN PARKWAY SUITE 115","LOS ANGELES",,"CA","90095","6612537956",96,4,0,98,91,7,2,94,84,12,4,93,84,13,3,93,,1637,476,29,01/01/2018,12/31/2018
"06C0001058","GOLDEN RIDGE SURGERY CENTER LLC","660 GOLDEN RIDGE RD., STE. 110","GOLDEN",,"CO","80401","3039631507",96,3,1,98,89,10,1,94,83,14,3,93,82,16,2,93,,1158,369,32,01/01/2018,12/31/2018
"06C0001079","SUMMIT VIEW SURGERY CENTER LLC","7730 SOUTH  BROADWAY","LITTLETON",,"CO","80122","3037302376",96,4,0,98,90,8,2,94,85,12,3,93,82,16,2,93,,940,282,30,01/01/2018,12/31/2018
"06C0001080","FLATIRONS SURGERY CENTER LLC","70 HEALTH PARK DR","LOUISVILLE",,"CO","80027","7208902721",98,2,0,99,91,8,1,95,90,9,1,95,86,13,1,95,,1243,353,28,01/01/2018,12/31/2018
"06C0001085","CROWN POINT SURGERY CENTER LLC","9397 CROWN CREST BLVD","PARKER",,"CO","80138","7209746499",99,1,0,99,90,8,2,94,91,8,1,96,90,10,0,97,,1120,310,28,01/01/2018,12/31/2018
"06C0001102","NORTHWEST REGIONAL ASC LLC","10170 CHURCH RANCH WAY STE. 110","WESTMINSTER",,"CO","80021","3033284400",,,,,,,,,,,,,,,,,"4",,,,,
"06C0001110","HARVARD PARK SURGERY CENTER LLC","1000 EAST HARVARD AVE","DENVER",,"CO","80210","3037785773",97,3,0,98,90,8,2,94,83,15,2,93,83,15,2,93,,1175,430,37,01/01/2018,12/31/2018
"06C0001133","GREENWOOD ASC LLC DBA COLORADO PREMIER SURGERY CENTER AT GREENWOOD VILLAGE","7447 EAST BERRY AVE SUITE 100","GREENWOOD VILLAGE",,"CO","80111","7204934115",98,2,0,99,90,8,2,94,86,10,4,94,83,14,3,93,,1310,318,24,01/01/2018,12/31/2018
"07C0001024","FAIRFIELD SURGERY CENTER LLC","305 BLACK ROCK TURNPIKE","FAIRFIELD",,"CT","06825","2033372660",98,2,0,99,91,7,2,94,92,7,1,96,89,8,3,95,"2",1149,323,28,01/01/2018,12/31/2018
"07C0001048","NORTH HAVEN SURGERY CENTER LLC","52 WASHINGTON AVE SUITE 1","NORTH HAVEN",,"CT","06473","2032347727",98,2,0,99,90,8,2,94,89,9,2,95,87,11,2,95,,1255,328,26,01/01/2018,12/31/2018
"10C0001025","SURGERY CENTER AT UNIVERSITY PARK LLC DBA PREMIER SURGERY CENTER OF SARASOTA","983 SOUTH BENEVA RD","SARASOTA",,"FL","34232","9413655355",96,3,1,97,90,8,2,94,84,13,3,93,83,14,3,93,,1138,485,43,01/01/2018,12/31/2018
"10C0001203","UNIVERSITY SURGERY CENTER LTD","7251 UNIVERSITY BLVD SUITE 100","WINTER PARK",,"FL","32792","4076770066",97,3,0,98,94,5,1,97,90,9,1,95,89,11,0,96,,1259,318,25,01/01/2018,12/31/2018
"10C0001214","THE OUTPATIENT CENTER OF BOYNTON BEACH","2351 SOUTH SEACREST BLVD","BOYNTON BEACH",,"FL","33435","5617325900",96,4,0,98,87,9,4,92,84,13,3,93,81,16,3,92,,1130,333,29,01/01/2018,12/31/2018
"10C0001293","WINTER HAVEN AMBULATORY SURGICAL CENTER LLC","325 AVE B NW","WINTER HAVEN",,"FL","33881","4698936573",96,4,0,98,87,9,4,91,85,13,2,94,85,14,1,94,,1148,382,33,01/01/2018,12/31/2018
"10C0001302","TAMARAC SURGERY CENTER LLC DBA THE SURGERY CENTER OF FT LAUDERDALE","4485 NORTH STATE RD 7","LAUDERDALE LAKES",,"FL","33319","9547350096",95,4,1,97,87,9,4,92,77,15,8,89,75,17,8,88,,1047,268,26,01/01/2018,12/31/2018
"10C0001313","MELBOURNE SAME DAY SURGERY","1035 SOUTH APOLLO BLVD","MELBOURNE",,"FL","32901","3214343581",96,3,1,98,92,7,1,95,84,13,3,94,84,14,2,94,,934,362,39,01/01/2018,12/31/2018
"10C0001332","LASER AND SURGERY CENTER OF THE PALM BEACHES","3602 KYOTO GARDENS DR","PALM BEACH GARDENS",,"FL","33410","5617993388",96,4,0,98,88,9,3,93,88,10,2,95,87,12,1,95,,1204,465,39,01/01/2018,12/31/2018
"10C0001354","SURGERY CENTER OF SOUTHWEST FLORIDA INC","12631 WHITEHALL DR","FORT MYERS",,"FL","33907","2397720500",96,3,1,97,88,10,2,93,85,10,5,93,80,16,4,91,"2",827,302,37,01/01/2018,12/31/2018
"10C0001362","DESTIN SURGERY CENTER LLC","4485 FURLING LANE","DESTIN",,"FL","32541","8506507606",98,2,0,99,95,4,1,97,92,6,2,96,91,8,1,97,,1150,429,37,01/01/2018,12/31/2018
"10C0001363","DOCTORS GI PARTNERSHIP LTD","1051 SOUTH HICKORY ST","MELBOURNE",,"FL","32901","3214343581",96,4,0,98,93,5,2,96,82,16,2,93,81,17,2,93,,903,326,36,01/01/2018,12/31/2018
"10C0001377","OPHTHALMOLOGY SURGERY CENTER OF ORLANDO LLC DBA ORLANDO OPHTHALMOLOGY SURGERY CENTER","105 BONNIE LOCH CT","ORLANDO",,"FL","32806","4074280040",94,5,1,97,90,8,2,94,82,15,3,93,82,17,1,93,,1100,445,40,01/01/2018,12/31/2018
"10C0001418","THE SURGERY CENTER AT JENSEN BEACH LLC","3995 NW GOLDENROD RD","JENSEN BEACH",,"FL","34957","7724970020",96,4,0,98,88,9,3,92,86,13,1,94,83,16,1,94,,1210,544,45,01/01/2018,12/31/2018
"10C0001428","SOUTH FLORIDA AMBULATORY SURGICAL CENTER LLC","6110 SOUTHWEST 70TH ST","SOUTH MIAMI",,"FL","33143","3056623100",97,3,0,98,93,5,2,95,87,10,3,94,81,16,3,92,,1146,324,28,01/01/2018,12/31/2018
"10C0001461","UNIVERSITY INTERVENTIONAL CENTER","5102 NORTH DAVIS HWY","PENSACOLA",,"FL","32503","8505494960",95,4,1,97,92,6,2,95,81,16,3,93,89,9,2,95,,1166,344,30,01/01/2018,12/31/2018
"10C0001474","MURDOCK AMBULATORY SURGERY CENTER LLC","1400 EDUCATION WAY","PORT CHARLOTTE",,"FL","33948","9416259800",96,3,1,98,86,10,4,91,83,14,3,93,85,13,2,94,,1292,598,46,01/01/2018,12/31/2018
"10C0001505","LAKE ENDOSCOPY CENTER","17355 S.E. 109TH TERRACE RD","SUMMERFIELD",,"FL","34491","3522450846",98,2,0,99,93,5,2,96,91,8,1,96,90,9,1,96,,1348,750,56,01/01/2018,12/31/2018
"10C0001512","TLC ASC LLC DBA TLC OUTPATIENT SURGERY AND LASER CENTER","201 WEST GUAVA ST","LADY LAKE",,"FL","32159","3523915875",97,2,1,98,89,8,3,93,84,13,3,94,83,15,2,93,,1337,696,52,01/01/2018,12/31/2018
"10C0001521","RIVERWALK AMBULATORY SURGERY CENTER LLC","200 3RD AVE WEST SUITE 170","BRADENTON",,"FL","34205","9412163969",,,,,,,,,,,,,,,,,"4",,,,,
"10C0001525","UNIVERSITY MEDICAL SERVICE ASSOCIATION INC DBA USF HEALTH ENDOSCOPY AND SURGERY CENTER","13330 USF LAUREL DR 2ND FLOOR","TAMPA",,"FL","33612","8139740033",,,,,,,,,,,,,,,,,"4",,,,,
"10C0001528","CORAL RIDGE OUTPATIENT CENTER LLC","5301 NORTH DIXIE HWY.","OAKLAND PARK",,"FL","33334","9548323300",95,4,1,97,92,6,2,95,87,11,2,94,86,12,2,94,,1233,388,31,01/01/2018,12/31/2018
"10C0001539","SURGERY CENTER OF PEMBROKE PINES LLC DBA BROWARD SPECIALTY SURGICAL CENTER","7261 SHERIDAN ST SUITE 100A","HOLLYWOOD",,"FL","33024","9543224222",98,2,0,99,91,7,2,95,90,9,1,95,90,9,1,96,,1312,271,21,01/01/2018,12/31/2018
"10C0001545","SURGICARE OF MIRAMAR LLC","14601 SOUTHWEST 29TH ST SUITE 301","MIRAMAR",,"FL","33027","9542663807",98,2,0,99,91,7,2,94,89,9,2,96,89,9,2,95,,1222,264,22,01/01/2018,12/31/2018
"10C0001549","TITUSVILLE CENTER FOR SURGICAL EXCELLENCE LLC","814 SOUTH WASHIGNTON AVE","TITUSVILLE",,"FL","32796","3215676300",98,2,0,99,93,6,1,96,93,6,1,97,92,7,1,97,,1272,614,48,01/01/2018,12/31/2018
"10C0001571","SURGERY CENTRE OF SW FLORIDA LLC","665 DEL PRADO BLVD S.","CAPE CORAL",,"FL","33990","2397723636",97,3,0,99,92,6,2,95,87,11,2,95,84,15,1,94,,1270,557,44,01/01/2018,12/31/2018
"10C0001576","THE OUTPATIENT CENTER OF DELRAY","4675 LINTON BLVD STE 101","DELRAY BEACH",,"FL","33445","5614999585",95,4,1,97,91,7,2,94,87,10,3,94,85,13,2,94,,1068,374,35,01/01/2018,12/31/2018
"11C0001006","EMORY HEALTHCARE","1365 CLIFTON RD, NE SUITE BT200","ATLANTA",,"GA","30322","4047783348",97,3,0,99,92,6,2,95,89,9,2,95,87,11,2,94,,2307,381,17,01/01/2018,12/31/2018
"11C0001049","RESURGENS SURGERY CENTER LLC","5671 PEACHTREE DUNWOODY RD SUITE 800","ATLANTA",,"GA","30342","4045318522",97,3,0,98,93,5,2,95,92,6,2,95,88,9,3,94,,1125,305,27,01/01/2018,12/31/2018
"11C0001056","THE ENDOSCOPY CENTER OF SOUTHEAST GEORGIA INC","200 MAPLE DR","VIDALIA",,"GA","30474","9125381003",98,2,0,99,96,3,1,98,92,7,1,96,96,3,1,98,,756,205,27,01/01/2018,12/31/2018
"11C0001085","NORTHWEST GEORGIA ORTHOPAEDIC SURGERY CENTER LLC","2550 WINDY HILL RD SOUTHEAST SUITE 218","MARIETTA",,"GA","30067","7709538058",98,2,0,99,92,6,2,95,85,14,1,95,85,14,1,94,,1249,297,24,01/01/2018,12/31/2018
"11C0001164","TATTNALL HOSPITAL COMPANY LLC DBA OPTIM SURGERY CENTER","210 EAST DERENNE AVE","SAVANNAH",,"GA","31405","9126443361",96,4,0,98,89,9,2,94,88,10,2,95,87,11,2,95,,1365,366,27,01/01/2018,12/31/2018
"11C0001177","EAST WEST SURGERY CENTER LP","2041 MESA VALLEY WAY SUITE 125","AUSTELL",,"GA","30106","6783098100",98,2,0,99,93,6,1,96,89,11,0,96,89,9,2,95,,947,261,28,01/01/2018,12/31/2018
"11C0001182","ROSWELL SURGERY CENTER LLC","1285 HEMBREE RD SUITE 200C","ROSWELL",,"GA","30076","7707725520",99,1,0,99,93,6,1,96,92,7,1,96,89,11,0,96,,1213,350,29,01/01/2018,12/31/2018
"11C0001192","LAWRENCEVILLE SURGERY CENTER LLC","758 OLD NORCROSS RD SUITE 125","LAWRENCEVILLE",,"GA","30046","6789870820",99,1,0,99,93,6,1,96,94,5,1,97,90,9,1,96,,1106,309,28,01/01/2018,12/31/2018
"11C0001205","HAMILTON AMBULATORY SURGERY CENTER","1250  BROADRICK DR","DALTON",,"GA","30720","7068765000",,,,,,,,,,,,,,,,,"4",,,,,
"11C0001234","ORTHOPEDIC SOUTH SURGICAL PARTNERS LLC","6645 LAKE DR","MORROW",,"GA","30260","6784224230",98,2,0,99,93,6,1,96,92,7,1,96,89,10,1,96,,825,228,28,01/01/2018,12/31/2018
"11C0001258","THOMAS EYE SURGERY CENTER LLC","5995 BARFIELD RD","SANDY SPRINGS",,"GA","30328","6787817388",95,4,1,97,89,8,3,93,86,10,4,93,85,12,3,94,,1041,322,32,01/01/2018,12/31/2018
"11C0001279","SURGICAL CENTER FOR UROLOGY LLC","290 COUNTRY CLUB DR SUITE 240","STOCKBRIDGE",,"GA","30281","6785651806",95,4,1,97,89,9,2,94,86,11,3,94,90,8,2,96,,1366,264,20,01/01/2018,12/31/2018
"11C0001307","ORTHOATLANTA SURGERY CENTER OF FAYETTEVILLE LLC","1265 W. HWY 54, STE. 103","FAYETTEVILLE",,"GA","30214","6782160771",,,,,,,,,,,,,,,,,"4",,,,,
"11C0001362","ORTHOATLANTA SURGERY CENTER OF AUSTELL LLC","3672 MARATHON CIR STE 120","AUSTELL",,"GA","30106","6789458551",,,,,,,,,,,,,,,,,"4",,,,,
"11C0001370","GEORGIA SPINE SURGERY CENTER LLC DBA GNS SURGERY CENTER","1061 DOWDY RD SUITE 103","ATHENS",,"GA","30606","7065439222",,,,,,,,,,,,,,,,,"4",,,,,
"11C0001383","HUGHSTON SURGICAL CENTER LLC","6262 VETERANS PKWY UNIT. B","COLUMBUS",,"GA","31909","7064943434",96,3,1,97,91,8,1,95,90,9,1,96,93,6,1,97,,1225,447,37,01/01/2018,12/31/2018
"11C0001407","WHITE OAK SURGERY CENTER","1665 EAST HWY 34 SUITE 200","NEWMAN",,"GA","30265","7702527557",,,,,,,,,,,,,,,,,"4",,,,,
"11C0001460","RESURGENS EAST SURGERY CENTER LLC","3241 IRIS DR SUITE 100","COVINGTON",,"GA","30016","6787127624",98,2,0,99,93,6,1,96,92,7,1,96,89,11,0,96,,964,245,25,01/01/2018,12/31/2018
"11C0001472","RESURGENS FAYETTE SURGERY CENTER LLC","1336 HWY 54 WEST BUILDING 400 SUITE A","FAYETTEVILLE",,"GA","30214","6782510200",,,,,,,,,,,,,,,,,"4",,,,,
"12C0001100","KAISER WAILUKU CLINIC - ASC","80 MAHALANI ST","WAILUKU",,"HI","96793","8082436000",98,2,0,99,95,4,1,97,89,10,1,95,90,9,1,96,,1301,460,35,01/01/2018,12/31/2018
"13C0001064","IDAHO PHYSICAL MEDICINE AND REHABILITATION PA","3551 EAST OVERLAND RD","MERIDIAN",,"ID","83642","2082876558",,,,,,,,,,,,,,,,,"4",,,,,
"14C0001007","HINSDALE SURGICAL CENTER LLC","10 SALT CREEK LANE","HINSDALE",,"IL","60521","6307067147",97,3,0,98,90,7,3,94,87,11,2,94,85,13,2,94,,1203,466,39,01/01/2018,12/31/2018
"14C0001027","25 EAST SAME DAY SURGERY LLC","2 EAST WASHINGTON ST SUITE 300","CHICAGO",,"IL","60602","3127263329",97,3,0,98,88,9,3,92,81,16,3,93,79,19,2,92,,1274,282,22,01/01/2018,12/31/2018
"14C0001030","RIVER NORTH SAME DAY SURGERY LLC","1 EAST ERIE ST SUITE 300","CHICAGO",,"IL","60611","3126499706",96,3,1,98,91,8,1,95,85,13,2,94,81,17,2,93,,1151,259,23,01/01/2018,12/31/2018
"14C0001041","NORTH SHORE SAME DAY SURGERY DBA NORTH SHORE SURGICAL CENTER","3427 WEST TOUHY AVE","LINCOLNWOOD",,"IL","60712","8473247770",97,3,0,98,91,7,2,95,83,14,3,93,79,19,2,92,,1264,458,36,01/01/2018,12/31/2018
"14C0001059","ROCKFORD GASTROENTEROLOGY ASSOCIATES LTD","401 ROXBURY RD","ROCKFORD",,"IL","61107","8154847930",96,4,0,98,86,11,3,91,83,15,2,94,91,8,1,96,,1313,306,24,01/01/2018,12/31/2018
"14C0001061","DREYER MEDICAL AMBULATORY SURGERY CENTER","1221 NORTH HIGHLAND DR","AURORA",,"IL","60506","6302648405",98,2,0,99,92,7,1,96,88,11,1,95,85,14,1,94,,1769,607,34,01/01/2018,12/31/2018
"14C0001074","EFFINGHAM SURGICAL PARTNERS LLC","904 W. TEMPLE AVE.","EFFINGHAM",,"IL","62401","2173421234",99,1,0,99,95,4,1,97,95,4,1,97,93,6,1,97,,1309,680,52,01/01/2018,12/31/2018
"14C0001076","CARLE SURGICENTER","1702 SOUTH MATTIS AVE SUITE 120","CHAMPAIGN",,"IL","61821","2173268513",96,4,0,98,89,10,1,94,87,10,3,95,89,9,2,96,,595,176,30,01/01/2018,12/31/2018
"14C0001095","CASTLE SURGICENTER LLC","2111 OGDEN AVE","AURORA",,"IL","60504","6309783806",,,,,,,,,,,,,,,,,"4",,,,,
"14C0001148","UNITED SHOCKWAVE SERVICES LTD","120 N. LAGRANGE RD","ROSEMONT",,"IL","60525","8475445959",,,,,,,,,,,,,,,,,"4",,,,,
"14C0001157","PHYSICIANS SURGERY CENTER AT GOOD SAMARITAN LLC","2 GOOD SAMARITAN WAY, STE. 200","MOUNT VERNON",,"IL","62864","6188995703",98,2,0,99,89,10,1,94,87,12,1,95,82,17,1,93,,1100,391,36,01/01/2018,12/31/2018
"14C0001172","SILVER CROSS AMBULATORY SURGERY CENTER LLC DBA SILVER CROSS SURGERY CENTER","1003 PAWLAK PARKWAY","NEW LENOX",,"IL","60451","8157171740",,,,,,,,,,,,,,,,,"4",,,,,
"14C0001173","UROPARTNERS SURGERY CENTER LLC","TBD","DES PLAINES",,"IL","00000","0000000000",,,,,,,,,,,,,,,,,"4",,,,,
"15C0001058","THE ENDOSCOPY CENTER AT ST FRANCIS LLC","8051 SOUTH EMERSON AVE","INDIANAPOLIS",,"IN","46237","3178574026",97,3,0,98,90,7,3,94,86,13,1,95,90,9,1,96,,2597,513,20,01/01/2018,12/31/2018
"15C0001158","TERRE HAUTE SURGICAL CENTER LLC","227 EAST MCCALLISTER DR","TERRE HAUTE",,"IN","47802","8122344315",97,3,0,99,93,6,1,96,90,9,1,96,89,11,0,96,,946,434,46,01/01/2018,12/31/2018
"15C0001169","INDIANA SPECIALTY SURGERY CENTER LLC","1380 W ARCH HAVEN AVE","BLOOMINGTON",,"IN","47403","8123301164",98,2,0,99,92,7,1,95,91,7,2,96,90,10,0,97,,1170,478,41,01/01/2018,12/31/2018
"16C0001016","SURGERY CENTER CEDAR RAPIDS","1075 1ST AVE. SE","CEDAR RAPIDS",,"IA","52402","3195584803",97,3,0,98,89,9,2,94,87,11,2,94,84,15,1,94,,1444,546,38,01/01/2018,12/31/2018
"19C0001010","EYE CARE SURGERY CENTER INC","10423 OLD HAMMOND HWY","BATON ROUGE",,"LA","70816","2259230960",95,5,0,98,89,9,2,93,81,14,5,93,86,12,2,94,,977,340,36,01/01/2018,12/31/2018
"19C0001053","METAIRIE OPHTHALMOLOGY ASC LLC","3900 VETERANS BLVD. #100","METAIRIE",,"LA","70002","5044551550",98,2,0,99,92,6,2,95,87,10,3,94,89,9,2,96,,1043,356,35,01/01/2018,12/31/2018
"19C0001085","LAKE AMBULATORY SURGERY CTR","7145 PERKINS RD","BATON ROUGE",,"LA","70808","2254085548",99,1,0,99,93,6,1,96,92,7,1,96,89,9,2,95,,1313,342,26,01/01/2018,12/31/2018
"19C0001092","ADVANCED SURGICAL CONCEPTS LLC","9118 BLUEBONNET CENTRE BLVD.","BATON ROUGE",,"LA","70809","2253682330",99,1,0,99,92,6,2,95,87,12,1,95,85,14,1,94,,1128,253,22,01/01/2018,12/31/2018
"19C0001106","ORTHOPEDIC SURGERY CENTER LLC","7301 HENNESY BLVD STE 100","BATON ROUGE",,"LA","70808","2257660050",98,2,0,99,93,6,1,96,92,6,2,96,92,7,1,97,,1386,349,25,01/01/2018,12/31/2018
"19C0001109","CHRISTUS CABRINI SURGERY CENTER LLC","3436 MASONIC DR.","ALEXANDRIA",,"LA","71301","3184276500",98,2,0,99,92,6,2,95,88,11,1,95,89,10,1,96,,1014,301,30,01/01/2018,12/31/2018
"19C0001113","PONTCHARTRAIN SURGERY CENTER LLC","4407 HWY 190 SERVICE RD, EAST STE.","COVINGTON",,"LA","70433","9852349700",98,2,0,99,93,6,1,96,88,11,1,95,89,9,2,95,,1066,386,36,01/01/2018,12/31/2018
"19C0001133","OIL CENTER SURGICAL PLAZA","1000 W. PINHOOK RD, SUITE 204","LAFAYETTE",,"LA","70503","3372898216",99,1,0,99,94,5,1,97,93,6,1,97,91,8,1,96,,1212,525,43,01/01/2018,12/31/2018
"20C0001012","INTERMED PA DBA GENERATIONS","84 MARGINAL WAY SUITE 1000","PORTLAND",,"ME","04101","2073472898",98,2,0,99,91,7,2,95,92,6,2,96,88,11,1,95,,1195,335,28,01/01/2018,12/31/2018
"21C0001590","DIALYSIS ACCESS SERVICES","1589 SULPHUR SPRING RD","BALTIMORE",,"MD","21227","4105365400",98,2,0,99,87,10,3,93,86,13,1,95,81,13,6,91,,604,121,20,01/01/2018,12/31/2018
"21C0001594","DIALYSIS ACCESS SERVICES","2405 YORK RD SUITE 100","TIMONIUM",,"MD","21093","4105365400",98,1,1,99,92,5,3,95,83,13,4,93,81,14,5,91,,619,115,19,01/01/2018,12/31/2018
"22C0001011","ARC WORCESTER CENTER LP DBA WORCESTER SURGICAL CENTER","300 GROVE ST","WORCESTER",,"MA","01605","5087540700",95,4,1,97,92,6,2,95,83,15,2,93,85,14,1,95,,1163,446,38,01/01/2018,12/31/2018
"22C0001077","CAPE COD SURGERY CENTER","160 FALMOUTH RD","MASHPEE",,"MA","02649","5088625116",97,3,0,99,91,8,1,95,80,15,5,92,85,11,4,93,"3",137,62,45,01/01/2018,12/31/2018
"23C0001020","SURGICAL CARE CENTER OF MICHIGAN","750 EAST BELTLINE NE","GRAND RAPIDS",,"MI","49525","6165886520",96,4,0,98,87,10,3,92,88,8,4,94,90,8,2,96,,1438,382,28,01/01/2018,12/31/2018
"23C0001027","LAKE LANSING ASC PARTNERS LLC","1707 LAKE LANSING RD","LANSING",,"MI","48912","5177083363",97,3,0,98,91,8,1,95,89,10,1,95,87,12,1,95,,1915,840,44,01/01/2018,12/31/2018
"23C0001031","GENESIS SURGERY CENTER","3400 E JOLLY RD","LANSING",,"MI","48910","5172721063",97,3,0,98,92,7,1,95,88,11,1,95,85,14,1,94,,1234,627,51,01/01/2018,12/31/2018
"23C0001050","NORTHWEST MICHIGAN SURGERY CENTER LLC","4100 PARK FOREST DR","TRAVERSE CITY",,"MI","49684","2313928950",,,,,,,,,,,,,,,,,"4",,,,,
"23C0001053","EAST PARIS SURGICAL CENTER LLC","1000 EAST PARIS AVE S.E.","GRAND RAPIDS",,"MI","49546","6164643430",96,4,0,98,91,7,2,95,91,7,2,96,94,5,1,97,,1125,323,30,01/01/2018,12/31/2018
"23C0001061","WEST BLOOMFIELD SURGERY CENTER LLC DBA LAKES SURGERY CENTER","2300 HAGGERTY RD SUITE 1000","WEST BLOOMFIELD",,"MI","48323","2488966322",97,3,0,98,92,6,2,95,89,9,2,95,84,14,2,94,,1267,461,36,01/01/2018,12/31/2018
"23C0001071","PAIN TREATMENT CENTERS OF MICHIGAN DBA MATRIX SURGERY CENTER","4450 FASHION SQUARE BLVD SUITE 200","SAGINAW",,"MI","48603","9897907950",98,2,0,99,89,9,2,93,88,11,1,95,88,12,0,96,,835,366,44,01/01/2018,12/31/2018
"23C0001080","WALKER SURGICAL CENTER LLC","3300 WALKER VIEW DR.","WALKER",,"MI","49544","6165886560",98,2,0,99,94,5,1,96,92,7,1,96,93,7,0,98,,1050,319,31,01/01/2018,12/31/2018
"23C0001085","TOWNE CENTRE SURGERY CENTER LLC","4599 TOWN CENTER RD.","SAGINAW",,"MI","48604","9894973096",97,3,0,98,90,8,2,94,89,10,1,96,93,6,1,97,,1309,341,27,01/01/2018,12/31/2018
"23C0001109","CLARKSTON ASC PARTNERS LLC DBA CLARKSTON SURGERY CENTER","5701 BOW POINTE DR SUITE 145","CLARKSTON",,"MI","48346","2483224800",98,2,0,99,92,6,2,95,89,9,2,95,87,11,2,95,,1021,456,45,01/01/2018,12/31/2018
"23C0001114","SURGICAL INSTITUTE OF MONROE","1051 S. TELEGRAPH RD STE 100","MONROE",,"MI","48161","7348698701",98,2,0,99,89,9,2,93,86,12,2,94,83,17,0,94,,697,277,40,01/01/2018,12/31/2018
"23C0001139","HEALTH POINTE","15100 WHITTAKER WAY","GRAND HAVEN",,"MI","49417","6169356399",,,,,,,,,,,,,,,,,"4",,,,,
"24C0001010","WILLMAR SURGERY CENTER","1320 SOUTH FIRST ST","WILLMAR",,"MN","56201","3202356506",98,2,0,99,92,7,1,95,85,14,1,94,84,15,1,94,"2",847,347,41,01/01/2018,12/31/2018
"24C0001048","TRIA ORTHOPAEDIC CENTER LLC","8100 NORTHLAND DR","BLOOMINGTON",,"MN","55431","9528065321",98,2,0,99,93,6,1,96,92,7,1,96,91,7,2,96,,1546,525,34,01/01/2018,12/31/2018
"24C0001060","CENTRACARE SURGERY CENTER LLC","1900 CENTRACARE CIR","ST CLOUD",,"MN","56303","3202294964",98,2,0,99,92,7,1,95,89,9,2,95,87,12,1,95,,2361,921,39,01/01/2018,12/31/2018
"24C0001062","FAIRVIEW MAPLE GROVE SURGERY CENTER LLC","14500 99TH AVE NORTH","MAPLE GROVE",,"MN","55369","7638981438",99,1,0,99,92,7,1,96,92,7,1,96,89,10,1,96,"2",1199,353,29,01/01/2018,12/31/2018
"24C0001074","SANFORD HEALTH DETROIT LAKES SAME DAY SURGERY CTR","1245 WASHINGTON AVE","DETROIT LAKES",,"MN","56501","2188462000",98,2,0,99,91,8,1,95,87,12,1,95,82,17,1,94,"2",605,207,34,01/01/2018,12/31/2018
"24C0001084","MARSHALL SURGERY CENTER LLC","1521 CARLSON ST, STE. 200","MARSHALL",,"MN","56258","5075321928",99,1,0,99,94,5,1,97,88,10,2,95,87,12,1,95,"2",644,286,44,01/01/2018,12/31/2018
"24C0001089","UNIVERSITY OF MN HEALTH CLINICS AND SURGERY CENTER","909 FULTON ST SOUTHEAST","MINNEAPOLIS",,"MN","55455","6126727435",98,2,0,99,92,7,1,95,88,9,3,95,88,10,2,95,,1726,545,32,01/01/2018,12/31/2018
"24C0001093","MONTICELLO SURGERY CENTER","1013 HART BLVD","MONTICELLO",,"MN","55362","7632712268",98,2,0,99,90,8,2,94,82,15,3,92,79,19,2,92,,891,345,39,01/01/2018,12/31/2018
"25C0001046","COLUMBUS ORTHOPEDIC OUTPATIENT","640 LEIGH DR.","COLUMBUS",,"MS","39705","6623287123",97,3,0,98,94,5,1,96,92,7,1,96,90,8,2,96,,1584,487,31,01/01/2018,12/31/2018
"25C0001058","CENTER FOR DIGESTIVE HEALTH LLC","589 GARFIELD ST","TUPELO",,"MS","38801","6623774173",96,3,1,98,90,8,2,94,88,10,2,95,88,12,0,96,,1852,469,25,01/01/2018,12/31/2018
"26C0001021","CREEKWOOD SURGERY CENTER LP","211 NORTHEAST 54TH ST SUITE 100","KANSAS CITY",,"MO","64118","8169882553",98,2,0,99,91,7,2,94,87,11,2,95,83,15,2,93,,1201,370,31,01/01/2018,12/31/2018
"26C0001028","SAINT LUKES GI DIAGNOSTICS LLC","4321 WASHINGTON STE. 5600","KANSAS CITY",,"MO","64111","8164168353",,,,,,,,,,,,,,,,,"4",,,,,
"26C0001060","SOUTH COUNTY OUTPATIENT ENDOSCOPY SERVICES LP DBA SOUTH COUNTY OUTPATIENT ENDOSCOPY SERVICES","5139 MATTIS RD  SUITE 100","ST LOUIS",,"MO","63128","3147299780",99,1,0,99,93,6,1,96,90,8,2,95,87,11,2,95,,1275,595,47,01/01/2018,12/31/2018
"26C0001061","DES PERES SQUARE SURGERY CENTER","1050 OLD DES PERES RD. STE. 150","ST LOUIS",,"MO","63131","3145692918",97,3,0,99,91,8,1,95,85,13,2,94,82,16,2,93,,1330,457,34,01/01/2018,12/31/2018
"26C0001066","MIDWEST DIGESTIVE HEALTH CENTER LLC","3601 NORTHEAST RALPH POWELL RD","LEES SUMMIT",,"MO","64064","8162511255",98,2,0,99,95,4,1,97,94,5,1,97,91,8,1,97,,1273,417,33,01/01/2018,12/31/2018
"26C0001069","BRIARCLIFF AMBULATORY SURGERY CENTER LP DBA BRIARCLIFF SURGERY CENTER","4150 NORTH MULBERRY DR SUITE 100","KANSAS CITY",,"MO","64116","8162144364",97,3,0,98,93,6,1,96,91,8,1,95,87,11,2,94,,1186,406,34,01/01/2018,12/31/2018
"26C0001070","LIBERTY AMBULATORY SURGERY CENTER LP","834 WEST KANSAS ST SUITE B","LIBERTY",,"MO","64068","8168832004",98,2,0,99,94,5,1,97,91,7,2,95,87,12,1,95,,770,263,34,01/01/2018,12/31/2018
"26C0001080","MID RIVERS SURGERY CENTER","5401 VETERANS MEMOIRAL PARKWAY","ST PETERS",,"MO","63376","6364410906",97,3,0,98,91,8,1,95,87,10,3,94,87,12,1,95,,1162,432,37,01/01/2018,12/31/2018
"26C0001082","CHESTERFIELD SURGERY CENTER","17050 BAXTER RD SUITE 110","CHESTERFIELD",,"MO","63005","6365370122",97,3,0,99,93,6,1,96,88,10,2,94,82,16,2,93,,839,333,40,01/01/2018,12/31/2018
"26C0001087","ADVANCED AMBULATORY SURGICAL CARE LP","10448 OLD OLIVE ST RD, SUITE 100","CREVE COEUR",,"MO","63141","3147438091",98,2,0,99,89,9,2,93,87,12,1,94,82,17,1,93,,903,253,28,01/01/2018,12/31/2018
"26C0001088","SURGERY CENTER OF COLUMBIA LP","305 NORTH KEENE ST SUITE 107","COLUMBIA",,"MO","65201","5732566272",97,3,0,98,91,8,1,95,86,12,2,94,86,13,1,95,,1165,525,45,01/01/2018,12/31/2018
"26C0001093","TOTAL JOINT CENTER OF ST LOUIS LP","760 OFFICE PARKWAY","CREVE COEUR",,"MO","63141","3149954700",98,2,0,99,91,7,2,95,86,12,2,94,81,16,3,92,,1027,405,39,01/01/2018,12/31/2018
"26C0001097","RIVERSIDE AMBULATORY SURGERY CENTER LLC","100 VILLAGE SQUARE","HAZELWOOD",,"MO","63042","3143738931",98,2,0,99,93,6,1,96,87,11,2,95,84,14,2,93,,950,288,30,01/01/2018,12/31/2018
"26C0001099","MANCHESTER AMBULATORY SURGERY CENTER LP DBA MANCHESTER SURGERY CENTER","1040 OLD DES PERES RD","DES PERES",,"MO","63131","3147752264",96,3,1,98,92,6,2,95,83,14,3,92,79,19,2,92,,1049,318,30,01/01/2018,12/31/2018
"26C0001103","CEDAR OAKS SURGERY CENTER LLC","706 BURKARTH RD","WARRENSBURG",,"MO","64093","6607478868",99,1,0,99,94,4,2,96,95,4,1,97,89,10,1,95,"2",405,192,47,01/01/2018,12/31/2018
"26C0001109","WEBSTER AMBULATORY SURGERY CENTER LP","520 S. ELM AVE.","WEBSTER GROVES",,"MO","63119","3149623464",97,3,0,99,91,7,2,94,87,11,2,94,85,14,1,94,,1203,391,33,01/01/2018,12/31/2018
"26C0001112","FRONTENAC AMBULATORY SURGERY AND SPINE CARE CENTER LP DBA FRONTENAC SURGERY AND SPINE CARE CENTER","10435 CLAYTON RD SUITE 110","FRONTENAC",,"MO","63131","3149953990",97,3,0,98,88,10,2,93,90,8,2,95,87,12,1,95,,1195,377,32,01/01/2018,12/31/2018
"26C0001116","GATEWAY ENDOSCOPY CENTER LP","12855 N. 40 DR. STE. 150","ST LOUIS",,"MO","63141","3143361130",99,1,0,99,94,5,1,96,94,5,1,97,91,9,0,97,,1140,476,42,01/01/2018,12/31/2018
"26C0001117","TWIN CITIES AMBULATORY SURGERY CENTER LP","1101 W. GANNON DR.","FESTUS",,"MO","63028","6369315997",96,4,0,98,90,8,2,94,82,16,2,93,79,20,1,93,,971,384,40,01/01/2018,12/31/2018
"26C0001138","OLD TESSON SURGERY CENTER LP","12639 OLD TESSON RD, STE 130","ST LOUIS",,"MO","63128","3148490311",96,4,0,98,91,7,2,95,86,12,2,94,82,16,2,93,,1350,554,41,01/01/2018,12/31/2018
"26C0001148","EMERSON SURGERY CENTER LLC","633 EMERSON RD, SUITE 140","ST LOUIS",,"MO","63141","3149919922",,,,,,,,,,,,,,,,,"4",,,,,
"26C0001157","NORTH CAMPUS SURGERY CENTER LLC","633 EMERSON RD., SUITE 120","CREVE COEUR",,"MO","63141","3149912090",,,,,,,,,,,,,,,,,"4",,,,,
"27C0001020","YELLOWSTONE SURGERY CENTER LLC","1144 N. 28TH ST.","BILLINGS",,"MT","59101","4062375900",98,2,0,99,91,8,1,95,90,9,1,95,88,11,1,95,,1138,373,33,01/01/2018,12/31/2018
"27C0001022","FLATHEAD OUTPATIENT CENTER PC","111 SUNNYVIEW LANE","KALISPELL",,"MT","59901","4067527900",97,3,0,98,92,7,1,95,87,12,1,94,85,13,2,94,,700,259,37,01/01/2018,12/31/2018
"27C0001026","KALISPELL REGIONAL MEDICAL CENTER INC DBA POLSON HEALTH OUTPATIENT CENTER","106 RIDGEWATER DR SUITE B","POLSON",,"MT","59860","4068831911",98,2,0,99,94,5,1,96,88,11,1,96,93,7,0,98,,334,140,42,01/01/2018,12/31/2018
"29C0001000","SOUTHWEST MEDICAL ASSOCIATES INC","2450 WEST CHARLESTON BLVD.","LAS VEGAS",,"NV","89102","7028778638",,,,,,,,,,,,,,,,,"4",,,,,
"29C0001036","PARKWAY SURGERY CENTER LLC DBA PARKWAY SURGERY CENTER","100 NORTH GREEN VALLEY PARKWAY SUITE 125","HENDERSON",,"NV","89074","7026164954",97,3,0,98,90,8,2,94,88,11,1,95,85,12,3,94,,1317,381,29,01/01/2018,12/31/2018
"29C0001073","SAN MARTIN SURGERY CENTER DBA DURANGO OUTPATIENT SURGERY CENTER","8530 WEST SUNSET RD SUITE 100","LAS VEGAS",,"NV","89113","7027895700",97,3,0,98,90,8,2,94,90,7,3,95,88,11,1,95,,1529,352,23,01/01/2018,12/31/2018
"29C0001102","PARKWAY SURGERY CENTER DBA PARKWAY SURGERY CENTER AT HORIZON RIDGE","10561 JEFFREYS ST SUITE 130","HENDERSON",,"NV","89052","7027248900",98,2,0,99,90,8,2,94,92,7,1,96,88,11,1,96,,1649,482,29,01/01/2018,12/31/2018
"30C0001014","DARTMOUTHHITCHCOCK CLINIC","100 HITCHCOCK WAY","MANCHESTER",,"NH","03104","6036291800",98,2,0,99,93,6,1,96,87,12,1,95,86,13,1,95,,2467,647,26,01/01/2018,12/31/2018
"30C0001021","HILLSIDE ASC LLC","14 MAPLE ST, STE. 110","GILFORD",,"NH","03249","6035247514",98,2,0,99,93,6,1,96,89,9,2,96,93,6,1,97,,391,125,32,01/01/2018,12/31/2018
"30C0001031","DARTMOUTHHITCHCOCK CLINIC","ONE MEDICAL CENTER DR","LEBANON",,"NH","03756","6036503052",99,1,0,99,93,6,1,96,95,4,1,96,90,9,1,96,,2334,706,30,01/01/2018,12/31/2018
"31C0001035","BERGEN GASTROENTEROLOGY PC","466 OLD HOOK RD, SUITE 1","EMERSON",,"NJ","07630","2019678221",,,,,,,,,,,,,,,,,"4",,,,,
"31C0001099","SHORE OUTPATIENT SURGICENTER LLC","360 ROUTE 70","LAKEWOOD",,"NJ","08201","7329429835",96,4,0,98,91,6,3,94,87,11,2,94,82,16,2,93,,1073,388,36,01/01/2018,12/31/2018
"31C0001118","CENTRAL JERSEY SURGERY CENTER LLC","97 CORBETT WAY","EATONTOWN",,"NJ","07724","7324602777",97,3,0,98,91,6,3,94,90,8,2,95,86,11,3,94,,993,335,34,01/01/2018,12/31/2018
"31C0001126","SHREWSBURY SURGERY CENTER LLC DBA SHREWSBURY SURGERY CENTER","655 SHREWSBURY AVE","SHREWSBURY",,"NJ","07702","7324506000",99,1,0,99,90,8,2,94,90,9,1,96,90,9,1,96,,1089,334,31,01/01/2018,12/31/2018
"31C0001150","ORTHOPAEDIC SURGERY CENTER OF NORTHWEST JERSEY LLC","3130 ROUTE 10 WEST STE. 200","DENVILLE",,"NJ","07834","9733283475",96,4,0,98,90,8,2,94,87,10,3,94,80,17,3,92,,970,335,35,01/01/2018,12/31/2018
"31C0001152","HACKENSACK ENDOSCOPY CENTER","170 PROSPECTIVE AVE. STE 10","HACKENSACK",,"NJ","07601","2014980030",97,3,0,99,91,7,2,94,88,11,1,95,86,13,1,95,,1051,354,34,01/01/2018,12/31/2018
"31C0001153","TOMS RIVER SURGERY CENTER","1430 HOOPER AVE SUITE 301","TOMS RIVER",,"NJ","08753","7322402277",99,1,0,99,93,6,1,96,93,7,0,97,91,9,0,97,,1184,419,35,01/01/2018,12/31/2018
"31C0001160","HAMILTON ENDOSCOPY AND SURGERY CENTER LLC","1235 WHITE HORSE MERCERVILLE RD, SUITE 310","HAMILTON",,"NJ","08619","6095816610",,,,,,,,,,,,,,,,,"4",,,,,
"31C0001162","SUBURBAN ENDOSCOPY CENTER LLC","799 BLOOMFIELD AVE.","VERONA",,"NJ","07044","9735711600",98,2,0,99,90,7,3,93,88,11,1,95,90,9,1,96,,1012,274,27,01/01/2018,12/31/2018
"31C0001193","LAKEWOOD SURGERY CENTER LLC","1215 ROUTE 70 SUITE 2000","LAKEWOOD",,"NJ","08701","7327191800",97,3,0,99,92,6,2,95,89,9,2,95,88,11,1,95,,957,285,30,01/01/2018,12/31/2018
"31C0001197","METROPOLITAN NEW JERSEY LLC DBA METROPOLITAN SURGERY CENTER","433 HACKENSACK AVE LL01","HACKENSACK",,"NJ","07601","2015276800",95,4,1,97,88,9,3,92,78,18,4,91,76,21,3,91,,1158,306,26,01/01/2018,12/31/2018
"31C0001199","CENTER FOR BONE AND JOINT SURGERY DBA NORTHERN MONMOUTH REGIONAL SURGERY CENTER LLC","195 ROUTE 9 SOUTH SUITE 210","MANALAPAN",,"NJ","07726","7329212305",98,2,0,99,91,7,2,94,87,12,1,95,85,14,1,95,,1108,321,29,01/01/2018,12/31/2018
"31C0001205","PARAMUS ENDOSCOPY LLC DBA ENDOSCOPY CENTER OF BERGEN COUNTY","80 EISENHOWER DR SUITE 100","PARAMUS",,"NJ","07652","2013361100",98,2,0,99,87,10,3,92,92,7,1,96,91,8,1,96,,955,260,27,01/01/2018,12/31/2018
"31C0001216","SOMERSET AMBULATORY SURGICAL CENTER","1 HWY 206 N","SOMERVILLE",,"NJ","08876","9083938360",97,3,0,99,93,5,2,96,90,9,1,95,89,10,1,96,,1024,286,28,01/01/2018,12/31/2018
"31C0001218","MILLENNIUM SURGICAL CENTER LLC","2090 SPRINGDALE RD., SUITE A","CHERRY HILL",,"NJ","08003","8567514555",98,2,0,99,93,5,2,96,92,6,2,96,92,7,1,97,,1194,253,21,01/01/2018,12/31/2018
"31C0001253","KHS AMBULATORY SURGERY CENTER LLC DBA SELECT SURGICAL CENTER AT KENNEDY","405 HURFFVILLE CROSS KEYS RD SUITE 210","SEWELL",,"NJ","08080","8565822072",98,2,0,99,93,5,2,96,89,10,1,95,87,12,1,95,,1110,446,40,01/01/2018,12/31/2018
"31C0001269","SURGICAL SPECIALISTS AT PRINCETON LLC","136 MAIN ST. STE. 100","PRINCETON",,"NJ","08540","6098532261",98,2,0,99,91,7,2,94,86,12,2,94,84,13,3,93,,1196,365,31,01/01/2018,12/31/2018
"31C0001273","LIBERTY AMBULATORY SURGERY CENTER LLC","377 JERSEY AVE. STE. 510","JERSEY CITY",,"NJ","07302","2018783210",,,,,,,,,,,,,,,,,"4",,,,,
"31C0001316","JACKSON SURGICAL CENTER LLC","27 SOUTH COOKS BRIDGE RD SUITE L2","JACKSON",,"NJ","08527","7329615737",98,2,0,99,89,9,2,93,88,11,1,95,87,12,1,95,,1346,680,51,01/01/2018,12/31/2018
"32C0001107","NEW MEXICO ORTHOPAEDIC SURGERY CENTER LP DBA NEW MEXICO ORTHOPAEDIC SURGERY CENTER","201 CEDAR ST SOUTHEAST SUITE 7650","ALBUQUERQUE",,"NM","87106","5057244394",95,4,1,97,90,8,2,94,86,11,3,94,84,14,2,93,,1243,368,30,01/01/2018,12/31/2018
"32C0001119","DAVITA MEDICAL GROUP","5400 GIBSON BLVD. SE","ALBUQUERQUE",,"NM","87109","5052627126",96,3,1,98,88,10,2,93,80,17,3,92,75,21,4,90,,1484,465,31,01/01/2018,12/31/2018
"34C0001032","IREDELL SURGICAL ASSOCIATES LLP","1720 DAVIE AVE.","STATESVILLE",,"NC","28677","7048710081",97,3,0,99,95,4,1,97,91,8,1,96,89,10,1,96,,445,213,48,01/01/2018,12/31/2018
"34C0001112","SOUTHPARK SURGERY CENTER LLC DBA SOUTHPARK SURGERY CENTER","6035 FAIRVIEW RD SUITE 300","CHARLOTTE",,"NC","28210","3362770948",96,4,0,98,91,8,1,95,88,9,3,94,86,11,3,94,,1095,324,30,01/01/2018,12/31/2018
"34C0001137","CAROLINAS PHYSICIANS NETWORK INC DBA CAROLINAS GASTROENTEROLOGY CENTER - BALLANTYNE","15110 JOHN J DELANEY DR SUITE 120","CHARLOTTE",,"NC","28277","7045122140",96,3,1,98,93,6,1,96,87,11,2,95,88,11,1,95,,1588,346,22,01/01/2018,12/31/2018
"34C0001138","CAROLINAS PHYSICIANS NETWORK INC DBA CAROLINAS GASTROENTEROLOGY MEDICAL CENTER PLAZA","1000 BLYTHE BLVD SUITE 400","CHARLOTTE",,"NC","28203","7043554178",97,2,1,98,92,6,2,95,91,8,1,96,87,12,1,95,,2275,588,26,01/01/2018,12/31/2018
"34C0001150","ENDOSCOPY CENTER HUNTERSVILLE LLC","4828 AIRPORT CENTER PARKWAY","HUNTERSVILLE",,"NC","28078","7046497486",,,,,,,,,,,,,,,,,"4",,,,,
"34C0001151","CAROLINA HEALTHCARE ASSOCIATES INC","1415 MEDICAL CTR DR","WILMINGTON",,"NC","28401","9103624201",97,3,0,98,92,6,2,95,88,9,3,95,85,13,2,94,,1358,475,35,01/01/2018,12/31/2018
"34C0001154","NOVANT HEALTH BALLANTYNE OUTPATIENT SURGERY","14215 BALLANTYNE CORPORATE PL","CHARLOTTE",,"NC","28277","3362770948",98,2,0,99,94,5,1,97,92,7,1,97,86,12,2,94,,680,146,21,01/01/2018,12/31/2018
"34C0001159","PRIVATE DIAGNOSTIC CLINIC PLLC","BRIER CREEK MEDICAL PAVILLION, 10207 CERNY ST., ST","RALEIGH",,"NC","27617","9196600620",97,2,1,98,94,5,1,97,89,10,1,95,88,12,0,96,,830,178,21,01/01/2018,12/31/2018
"34C0001165","WAKE ENDOSCOPY CENTER LLC","2601 LAKE DR. S 201","RALEIGH",,"NC","27607","9193413529",96,4,0,98,92,7,1,95,81,16,3,94,84,14,2,94,"2",1088,152,14,01/01/2018,12/31/2018
"34C0001168","NOVANT HEALTH HUNTERSVILLE OUTPATIENT SURGERY","10030 GILEAD RD","HUNTERSVILLE",,"NC","28078","3362770948",96,4,0,98,93,6,1,96,89,9,2,95,89,10,1,96,,1692,559,33,01/01/2018,12/31/2018
"34C0001174","REX SURGERY CENTER OF CARY LLC","1505 SOUTHWEST CARY PARKWAY SUITE 100","CARY",,"NC","27511","8048149753",,,,,,,,,,,,,,,,,"4",,,,,
"34C0001177","UNION HEALTH SERVICES LLC","6068 HWY 74 WEST","INDIAN TRAIL",,"NC","28079","7046671970",97,3,0,99,92,7,1,95,90,9,1,96,91,8,1,96,,1382,484,35,01/01/2018,12/31/2018
"34C0001180","MATTHEWS SURGERY CENTER LLC","710 PARK CENTER DR SUITE 100","MATTHEWS",,"NC","28105","3362770948",98,2,0,99,90,8,2,94,90,8,2,95,85,11,4,93,,1784,407,23,01/01/2018,12/31/2018
"34C0001189","CAROLINA DIGESTIVE CARE","107 B MICA AVE","MORGANTON",,"NC","28655","8285881166",,,,,,,,,,,,,,,,,"4",,,,,
"35C0001004","TRINITY HEALTH","1102 MAIN ST","WILLISTON",,"ND","58801","7015727711",,,,,,,,,,,,,,,,,"4",,,,,
"35C0001025","SANFORD HEALTH DICKINSON AMBULATORY SURGERY CTR","2615 FAIRWAY ST","DICKINSON",,"ND","58601","7014566000",97,3,0,99,89,6,5,92,82,18,0,94,91,9,0,97,"3",144,39,27,01/01/2018,12/31/2018
"36C0001051","OSU INTERNAL MEDICINE LLC","3900 STONERIDGE LANE, SUITE D","DUBLIN",,"OH","43017","6143665001",,,,,,,,,,,,,,,,,"4",,,,,
"36C0001097","REYNOLDS ROAD SURGICAL CENTER LTD","2865 NORTH REYNOLDS RD, SUITE 190","TOLEDO",,"OH","43615","4195787547",96,4,0,98,91,8,1,95,90,8,2,94,84,15,1,94,,708,291,41,01/01/2018,12/31/2018
"36C0001140","PREMIUM SURGERY CENTER LLC","5319 HOAG DR","ELYRIA",,"OH","44035","4409306050",97,3,0,99,91,8,1,95,86,12,2,94,86,13,1,95,,808,314,39,01/01/2018,12/31/2018
"36C0001155","NEW HORIZONS SURGERY CENTER LLC","1167 INDEPENDENCE AVE.","MARION",,"OH","43302","7403755854",97,3,0,99,91,7,2,94,85,14,1,95,84,14,2,93,,1178,439,37,01/01/2018,12/31/2018
"36C0001191","SURGERY CENTER OF CANFIELD LLC","4147 WESTFORD DR.","CANFIELD",,"OH","44406","3307021489",98,2,0,99,90,8,2,94,89,9,2,95,88,11,1,95,,1159,516,45,01/01/2018,12/31/2018
"36C0001222","THE CHRIST HOSPITAL SPINE SURGERY CENTER LLC","4020 SMITH RD","NORWOOD",,"OH","45209","5136195899",98,2,0,99,95,4,1,97,92,7,1,96,89,10,1,96,,1167,518,44,01/01/2018,12/31/2018
"37C0001032","MCGEE EYE SURGERY CENTER LLC","1000 N. LINCOLN BLVD. #150","OKLAHOMA CITY",,"OK","73104","4052328696",96,4,0,98,90,8,2,94,89,9,2,95,89,9,2,96,,3764,1455,39,01/01/2018,12/31/2018
"37C0001055","MEMORIAL SURGERY CENTER LLC","8131 SOUTH MEMORIAL DR SUITE 107","TULSA",,"OK","74133","9182497911",95,5,0,97,88,9,3,93,85,12,3,94,80,18,2,93,,1024,381,37,01/01/2018,12/31/2018
"38C0001031","WILLAMETTE SURGERY CENTER LLC","1445 STATE ST","SALEM",,"OR","97301","5033163765",97,2,1,98,93,6,1,96,88,11,1,95,87,11,2,95,,1714,633,38,01/01/2018,12/31/2018
"38C0001046","NORTHWEST GASTROENTEROLOGY CLINIC LLC","1130 NORTHWEST 22ND AVE  6TH FLOOR  SUITE 615","PORTLAND",,"OR","97210","5032297137",97,3,0,98,91,8,1,95,83,14,3,92,85,12,3,93,,864,309,36,01/01/2018,12/31/2018
"38C0001052","AESTHETIC SURGERY CENTER OF EUGENE INC","2550 WILLAKENZIE STE #1","EUGENE",,"OR","97401","5414340922",97,3,0,99,87,11,2,92,86,13,1,95,87,11,2,95,,363,107,31,01/01/2018,12/31/2018
"38C0001054","CASCADE SPINE CENTER LLC","6464 SOUTHWEST BORLAND RD SUITE A1","TUALATIN",,"OR","97062","9714043366",97,3,0,98,94,5,1,97,86,12,2,94,86,13,1,95,,1074,403,38,01/01/2018,12/31/2018
"38C0001056","CENTER FOR SPECIALTY SURGERY LLC","11782 SW BARNES RD. #200","PORTLAND",,"OR","97225","5039064306",98,1,1,99,91,7,2,94,87,11,2,94,87,12,1,95,,1111,335,30,01/01/2018,12/31/2018
"38C0001067","NORTHWEST AMBULATORY SURGERY CENTER LLC","1515 NORTHWEST 18TH AVE SUITE 200","PORTLAND",,"OR","97209","5035424873",98,2,0,99,93,6,1,96,90,9,1,95,87,13,0,96,,940,285,30,01/01/2018,12/31/2018
"38C0001074","EAST PORTLAND SURGERY CENTER LLC","9200 SOUTHEAST 91ST AVE SUITE 100","PORTLAND",,"OR","97086","5037726160",97,3,0,98,91,8,1,95,90,8,2,95,83,15,2,93,,1103,360,33,01/01/2018,12/31/2018
"39C0001017","SOUTHWESTERN AMBULATORY SURGERY CENTER LLC","500 LEWIS RUN RD, STE.202","WEST MIFFLIN",,"PA","15122","4124696964",96,3,1,98,89,8,3,93,81,16,3,92,77,20,3,91,,1106,524,47,01/01/2018,12/31/2018
"39C0001027","E. RONALD SALVITTI M.D DBA SOUTHWESTERN PA EYE SURGERY CENTER","750 EAST BEAU ST","WASHINGTON",,"PA","15301","7242287477",,,,,,,,,,,,,,,,,"4",,,,,
"39C0001152","THE ENDOSCOPY CENTER LLC","815 SUMNEYTOWN PIKE","LANSDALE",,"PA","19446","2154533050",,,,,,,,,,,,,,,,,"4",,,,,
"39C0001168","HERSHEY OUTPATIENT SURGERY CENTER LP","15 HOPE DR","HERSHEY",,"PA","17033","7175208200",97,3,0,98,94,5,1,97,87,11,2,94,88,10,2,95,,1111,367,33,01/01/2018,12/31/2018
"39C0001176","THE READING HOSPITAL SURGICENTER AT SPRING RIDGE LLC","2603 KEISER BLVD.","WYOMISSING",,"PA","19610","4846283079",99,1,0,99,94,5,1,96,95,4,1,97,93,6,1,97,,1967,517,26,01/01/2018,12/31/2018
"39C0001226","GAMMA SURGERY CENTER LLC","107 GAMMA DR.","PITTSBURGH",,"PA","15238","4129637917",97,2,1,98,88,10,2,93,86,11,3,94,83,16,1,94,,1268,577,46,01/01/2018,12/31/2018
"39C0001239","HAZLETON SURGERY CENTER LLC","50 MOISEY DR. STE. 100","HAZLETON",,"PA","18202","5705016500",98,2,0,99,92,7,1,95,90,9,1,95,91,8,1,97,,948,375,40,01/01/2018,12/31/2018
"42C0001004","ANMED HEALTH MEDICUS SURGERY CENTER LLC","107 PROFESSIONAL CT","ANDERSON",,"SC","29621","8647167953",97,3,0,98,92,6,2,95,86,12,2,94,88,10,2,95,,851,380,45,01/01/2018,12/31/2018
"42C0001017","CAROLINA SURGICAL CENTER","198 WOUTH HEDLONG AVE","ROCK HILL",,"SC","29732","8033274664",97,3,0,99,93,6,1,96,90,9,1,95,88,11,1,96,,1075,358,33,01/01/2018,12/31/2018
"42C0001019","THE GREENWOOD ENDOSCOPY CENTER INC","103 LINER DR.","GREENWOOD",,"SC","29646","8642273838",,,,,,,,,,,,,,,,,"4",,,,,
"42C0001038","STRAND GASTROINTESTINAL ENDOSCOPY CENTER","945 82ND PARKWAY","MYRTLE BEACH",,"SC","29572","8438392584",97,3,0,98,92,6,2,95,89,9,2,95,86,12,2,94,,2024,863,43,01/01/2018,12/31/2018
"42C0001047","FLORENCE SURGERY AND LASER CENTER LLC","400 NORTH CASHUA DR","FLORENCE",,"SC","29501","8436649398",94,5,1,97,86,10,4,91,82,15,3,92,84,14,2,94,,1238,334,29,01/01/2018,12/31/2018
"42C0001049","BLUFFTON OKATIE SURGERY CENTER LLC","40 OKATIE CENTER BLVD S., STE. 125","OKATIE",,"SC","29909","8437058870",98,2,0,99,92,6,2,95,90,8,2,95,90,8,2,96,,1037,507,49,01/01/2018,12/31/2018
"42C0001078","THE SOUTHEASTERN SPINE INSTITUTE AMBULATORY SURGERY CENTER LLC","1106 CHUCK DAWLEY BLVD","MOUNT PLEASANT",,"SC","29464","4698936573",96,3,1,97,90,7,3,94,89,9,2,94,90,9,1,96,,1203,442,37,01/01/2018,12/31/2018
"43C0001023","SANFORD HEALTH SANFORD CLINIC ABERDEEN SURGICAL CTR","2905 3RD AVE SE","ABERDEEN",,"SD","57401","6056264200",98,2,0,99,95,3,2,96,91,8,1,96,92,7,1,97,,720,213,30,01/01/2018,12/31/2018
"43C0001028","SANFORD HEALTH SANFORD CLINIC WATERTOWN SURGICAL CTR","901 4TH ST. NW","WATERTOWN",,"SD","57201","6058828780",97,3,0,99,94,5,1,96,84,15,1,94,83,16,1,94,"3",272,93,34,01/01/2018,12/31/2018
"44C0001000","PHYSICIAN'S SURGERY CENTER OF KNOXVILLE LLC","1819 CLINCH AVE SUITE 206","KNOXVILLE",,"TN","37916","8655222949",98,2,0,99,92,7,1,96,91,8,1,95,88,11,1,95,,1046,354,34,01/01/2018,12/31/2018
"44C0001001","EYE SURGERY CENTER OF NASHVILLE LLC","310 25TH AVE NORTH SUITE 105","NASHVILLE",,"TN","37203","6153299023",98,2,0,99,93,6,1,96,89,9,2,95,89,9,2,95,,1242,547,44,01/01/2018,12/31/2018
"44C0001004","MEMPHIS SURGERY CENTER LTD LP","1044 CRESTHAVEN RD.","MEMPHIS",,"TN","38119","9016821516",96,4,0,98,92,7,1,95,88,10,2,95,90,8,2,96,,1227,330,27,01/01/2018,12/31/2018
"44C0001008","NORTHRIDGE SURGERY CENTER LP","647 MYATT DR","MADISON",,"TN","37115","6158688942",97,3,0,98,93,6,1,96,87,11,2,94,85,13,2,94,,1207,502,42,01/01/2018,12/31/2018
"44C0001023","DIGESTIVE DISEASE ENDOSCOPY CENTER INC","222 22ND AVE NORTH, SUITE 300","NASHVILLE",,"TN","37203","6153404629",,,,,,,,,,,,,,,,,"4",,,,,
"44C0001025","BAPTIST PLAZA SURGICARE LP","300 20TH AVE NORTH SUITE 800","NASHVILLE",,"TN","37203","6152841335",97,3,0,98,93,6,1,96,88,10,2,95,87,11,2,94,,1209,343,28,01/01/2018,12/31/2018
"44C0001027","FORT SANDERS WEST OP SURGERY CENTER","210 FORT SANDERS WEST BLVD.","KNOXVILLE",,"TN","37922","8655315295",,,,,,,,,,,,,,,,,"4",,,,,
"44C0001054","PHYSICIAN'S PAVILION SURGERY CENTER","545 STONECREST PKWY","SMYRNA",,"TN","37167","6152203720",98,2,0,99,94,5,1,97,89,9,2,95,85,13,2,94,"2",905,270,30,01/01/2018,12/31/2018
"44C0001073","BAPTIST SURGERY CENTER DBA BAPTIST AMBULATORY SURGERY CENTER","312 21ST AVE NORTH","NASHVILLE",,"TN","37203","6153217330",98,2,0,99,93,6,1,96,91,7,2,95,89,9,2,96,,1237,379,31,01/01/2018,12/31/2018
"44C0001087","CLARKSVILLE SURGERY CENTER LLC","793 WEATHERLY DR","CLARKSVILLE",,"TN","37043","9316451373",98,2,0,99,94,5,1,96,90,9,1,95,91,8,1,96,,1155,354,31,01/01/2018,12/31/2018
"44C0001088","MIDDLE TENNESSEE AMBULATORY SURGERY CENTER LP","1800 MEDICAL CENTER PARKWAY SUITE 120","MURFREESBORO",,"TN","37129","6158497500",98,2,0,99,91,7,2,95,88,10,2,95,87,12,1,95,,1188,354,30,01/01/2018,12/31/2018
"44C0001097","MOUNTAIN EMPIRE SURGERY CENTER LP","601 MED TECH PARKWAY","JOHNSON CITY",,"TN","37604","4236101020",98,2,0,99,92,7,1,96,91,8,1,96,90,8,2,96,,1165,426,37,01/01/2018,12/31/2018
"44C0001104","SAINT THOMAS OUTPATIENT NEUROSURGICAL CENTER","4230 HARDING RD., SUITE 901","NASHVILLE",,"TN","37205","6153417472",98,2,0,99,96,3,1,97,91,8,1,95,93,6,1,97,,1082,334,31,01/01/2018,12/31/2018
"44C0001112","PARKWEST SURGERY CENTER","9430 PARKWEST BLVD SUITE 210","KNOXVILLE",,"TN","37923","8655310494",98,2,0,99,91,7,2,94,95,4,1,96,94,5,1,97,,952,305,32,01/01/2018,12/31/2018
"44C0001119","SAINT THOMAS CAMPUS SURGICARE LP","4230 HARDING RD SUITE 300","NASHVILLE",,"TN","37205","6157831260",98,2,0,99,92,7,1,95,93,7,0,97,92,7,1,97,,1182,455,38,01/01/2018,12/31/2018
"44C0001124","AMBULATORY SURGICAL ASSOCIATES LLC","725 KINGS LN,","TULLAHOMA",,"TN","37388","9314551976",98,2,0,99,93,5,2,96,91,8,1,96,93,6,1,97,,1318,530,40,01/01/2018,12/31/2018
"44C0001133","BAPTIST PLAZA SURGICARE LP","2004 HAYES ST","NASHVILLE",,"TN","37203","6155154000",98,2,0,99,94,5,1,96,90,8,2,95,90,9,1,96,,1105,328,30,01/01/2018,12/31/2018
"44C0001137","UPPER CUMBERLAND PHYSICIANS SURGERY CENTER LLC","467 N. WHITNEY AV.","COOKEVILLE",,"TN","38501","9315285007",97,3,0,99,95,4,1,97,90,9,1,95,90,9,1,96,,1104,432,39,01/01/2018,12/31/2018
"44C0001140","SAINT FRANCIS SURGERY CENTER LLC","5999 PARK AVE","MEMPHIS",,"TN","38119","9018181080",98,2,0,99,91,7,2,94,90,8,2,95,88,10,2,95,,1144,363,32,01/01/2018,12/31/2018
"44C0001160","PATIENT PARTNERS LLC","890 NORTH BLUE JAY WAY","GALLATIN",,"TN","37066","6155759000",97,3,0,98,92,6,2,95,88,10,2,95,86,12,2,95,,1266,441,35,01/01/2018,12/31/2018
"44C0001161","FRANKLIN ENDOSCOPY CENTER LLC","9160 CAROTHERS PARKWAY SUITE 100","FRANKLIN",,"TN","37067","6155506066",98,2,0,99,92,7,1,96,89,10,1,95,89,10,1,96,,1037,307,30,01/01/2018,12/31/2018
"44C0001166","LEBANON ENDOSCOPY CENTER LLC DBA LEBANON ENDOSCOPY CENTER","100 PHYSICIANS WAY SUITE 340","LEBANON",,"TN","37090","6154669532",99,1,0,99,94,5,1,97,93,6,1,96,92,7,1,97,,1244,446,36,01/01/2018,12/31/2018
"44C0001169","TENN SM LLC DBA PROVIDENCE SURGERY CENTER","5002 CROSSING CIR SUITE 110","MT. JULIET",,"TN","37122","6155539100",96,3,1,98,93,5,2,96,89,9,2,95,87,10,3,94,,999,308,31,01/01/2018,12/31/2018
"44C0001181","PCET SURGERY CENTER LLC","1128 E. WEISGARBER RD. STE. 110","KNOXVILLE",,"TN","37909","8659342577",,,,,,,,,,,,,,,,,"4",,,,,
"44C0001186","SPRING HILL SURGERY CENTER LLC","1003 RESERVE BLVD SUITE 210","SPRING HILL",,"TN","37174","9314892644",,,,,,,,,,,,,,,,,"4",,,,,
"45C0001009","DOCTORS OUTPATIENT SURGICENTER LTD","3534 VISTA RD","PASADENA",,"TX","77504","7139470330",96,4,0,98,91,7,2,95,86,12,2,94,84,14,2,94,"2",1049,303,29,01/01/2018,12/31/2018
"45C0001018","CONROE SURGERY CENTER 2 LLC","1501 RIVER POINTE DR, #200","CONROE",,"TX","77304","4698936573",97,3,0,98,91,8,1,95,85,12,3,94,85,13,2,94,,1231,459,37,01/01/2018,12/31/2018
"45C0001021","MEMORIAL HERMANN WEST HOUSTON SURGERY CENTER LLC","970 CAMPBELL RD","HOUSTON",,"TX","77024","7134613547",96,3,1,98,88,10,2,93,82,15,3,93,81,17,2,93,,1195,277,23,01/01/2018,12/31/2018
"45C0001039","BAYLOR SURGICARE","3920 WORTH ST.","DALLAS",,"TX","75246","2148202581",98,2,0,99,93,5,2,96,90,8,2,95,90,8,2,96,,1159,333,29,01/01/2018,12/31/2018
"45C0001046","PHYSICIANS DAY SURGERY CTR","3930 CRUTCHER ST","DALLAS",,"TX","75246","2148206240",99,1,0,99,95,4,1,97,92,8,0,96,89,10,1,96,,1254,350,28,01/01/2018,12/31/2018
"45C0001077","MEMORIAL HERMANN SURGERY CENTER PRESTON RD LTD DBA DOCTORS UNITED SURGERY CENTER","5146 PRESTON AVE","PASADENA",,"TX","77504","3462035600",97,2,1,98,94,5,1,97,84,13,3,94,83,14,3,93,"2",874,227,26,01/01/2018,12/31/2018
"45C0001091","GARLAND SURGICARE PARTNERS LTD DBA BAYLOR SURGICARE AT GARLAND","530 CLARA BARTON BLVD SUITE 100","GARLAND",,"TX","75042","9724942400",97,3,0,98,88,10,2,93,84,12,4,93,86,13,1,95,,923,330,36,01/01/2018,12/31/2018
"45C0001133","BAYLOR SURGICARE AT NORTH DALLAS LLC DBA BAYLOR SCOTT AND WHITE SURGICARE NORTH DALLAS","12230 COIT RD SUITE 200","DALLAS",,"TX","75251","4693746400",98,2,0,99,91,7,2,95,87,11,2,95,85,14,1,95,,1185,243,21,01/01/2018,12/31/2018
"45C0001149","MEMORIAL HERMANN SURGERY CENTER WOODLANDS PARKWAY","1441 WOODSTEAD CT SUITE 100","THE WOODLANDS",,"TX","77380","2818254725",98,1,1,98,94,5,1,97,88,10,2,95,88,11,1,95,,1176,282,24,01/01/2018,12/31/2018
"45C0001191","BAYLOR SURGICARE AT BEDFORD","1600 CENTRAL DR., SUITE 180","BEDFORD",,"TX","76022","8175711999",99,1,0,100,93,6,1,96,91,8,1,96,88,11,1,95,,947,230,24,01/01/2018,12/31/2018
"45C0001194","MEMORIAL HERMANN BAY AREA ENDOSCOPY CENTER LLC DBA BAY AREA ENDOSCOPY","444 FM 1959 RD SUITE B","HOUSTON",,"TX","77034","2818922420",96,4,0,98,88,9,3,92,85,12,3,94,80,18,2,93,,1079,245,23,01/01/2018,12/31/2018
"45C0001196","BAYLOR SURGICARE AT OAKMONT","7200 OAKMONT BLVD.","FORT WORTH",,"TX","76132","8177323300",97,3,0,98,93,6,1,96,91,8,1,96,89,9,2,95,,1269,339,27,01/01/2018,12/31/2018
"45C0001205","DESOTO SURGICARE PARTNERS LTD","7992 WEST VIRGINIA DR.","DALLAS",,"TX","75237","9722832400",98,2,0,99,93,6,1,96,89,9,2,95,84,15,1,94,,1071,359,34,01/01/2018,12/31/2018
"45C0001214","BAYLOR SURGICARE AT PLANO PARKWAY LLC DBA BAYLOR SCOTT AND WHITE SURGICARE PLANO PARKWAY","4031 WEST PLANO PARKWAY SUITE 100","PLANO",,"TX","75093","4693260202",94,5,1,97,93,6,1,96,80,14,6,91,81,13,6,91,,1162,250,22,01/01/2018,12/31/2018
"45C0001221","VICTORIA SURGERY CENTER","105 JAMES COLEMAN DR.","VICTORIA",,"TX","77904","3615780234",95,4,1,97,87,10,3,92,82,12,6,92,87,11,2,95,,802,263,34,01/01/2018,12/31/2018
"45C0001233","HILL COUNTRY MEMORIAL SURGERY CENTER LLC","204 GATEWAY NORTH SUITE B","MARBLE FALLS",,"TX","78654","8307981821",,,,,,,,,,,,,,,,,"4",,,,,
"45C0001240","BEAUMONT SURGICAL AFFILIATES LTD DBA BAPTIST BEAUMONT SURGICAL AFFILIATES","3560 COLLEGE ST","BEAUMONT",,"TX","77701","4098357070",96,3,1,98,94,5,1,96,88,9,3,95,87,11,2,95,,1119,388,35,01/01/2018,12/31/2018
"45C0001243","NORTHWEST SURGERY CENTER LTD","17322 RED OAK DR","HOUSTON",,"TX","77090","4698936573",96,4,0,98,90,8,2,94,84,14,2,94,78,19,3,91,,981,308,31,01/01/2018,12/31/2018
"45C0001245","CORPUS CHRISTI SURGICARE LTD DBA CORPUS CHRISTI OUTPATIENT SURGERY CENTER","3636 SOUTH ALAMEDA ST SUITE A","CORPUS CHRISTI",,"TX","78411","3618532200",97,3,0,98,92,6,2,95,88,11,1,95,85,14,1,94,,1067,249,23,01/01/2018,12/31/2018
"45C0001247","PASO DEL NORTE SURGERY CENTER","125 W. CASTELLANO","EL PASO",,"TX","79912","9155328200",96,4,0,98,92,6,2,95,87,12,1,95,85,13,2,94,,1289,306,24,01/01/2018,12/31/2018
"45C0001250","SHORELINE SURGERY CENTER LLP DBA CHRISTUS SPOHN-SURGICARE OF CORPUS CHRISTI","718 ELIZABETH ST","CORPUS CHRISTI",,"TX","78404","3618823204",97,3,0,99,90,8,2,94,86,11,3,94,86,12,2,94,,1154,382,33,01/01/2018,12/31/2018
"45C0001257","BAYLOR SURGICARE PARTNERS LTD","350 S. I35 EAST","DENTON",,"TX","76205","9403231393",98,2,0,99,94,5,1,96,92,6,2,96,90,9,1,96,,1053,326,31,01/01/2018,12/31/2018
"45C0001264","TEXAN AMBULATORY SURGERY CENTER LP","7000 NORTH MOPAC EXPRESSWAY SUITE 120","AUSTIN",,"TX","78731","5123420900",95,4,1,97,87,11,2,92,83,14,3,93,83,15,2,93,,1683,610,36,01/01/2018,12/31/2018
"45C0001267","NMC SURGERY CENTER LP DBA THE SURGERY CENTER OF NACOGDOCHES","4948 N E STALLINGS DR","NACOGDOCHES",,"TX","75965","9365683595",98,2,0,99,93,5,2,95,93,5,2,96,89,9,2,95,,1221,368,30,01/01/2018,12/31/2018
"45C0001274","VICTORIA AMBULATORY SURGERY CENTER DBA THE SURGERY CENTER","6370 NORTH NAVARRO ST","VICTORIA",,"TX","77904","3615708311",98,2,0,99,92,6,2,95,93,7,0,97,92,7,1,97,,1320,460,35,01/01/2018,12/31/2018
"45C0001277","TEXAS ENDOSCOPY CENTERS LLC","6405 WEST PARKER RD SUITE 370","PLANO",,"TX","75093","2147782570",98,2,0,99,93,5,2,96,92,6,2,96,90,7,3,95,,1064,296,28,01/01/2018,12/31/2018
"45C0001298","NORTH HOUSTON ENDOSCOPY AND SURGERY","275 LANTERN BEND SUITE 400","HOUSTON",,"TX","77090","2814405797",97,3,0,98,90,8,2,94,86,11,3,94,84,14,2,94,,1025,307,30,01/01/2018,12/31/2018
"45C0001301","GRAPEVINE SURGICARE PARTNERS LTD DBA BAYLOR SCOTT AND WHITE SURGICARE GRAPEVINE","2040 WEST STATE HWY 114","GRAPEVINE",,"TX","76051","8174104300",97,3,0,98,92,6,2,95,90,8,2,95,87,12,1,95,,1367,312,23,01/01/2018,12/31/2018
"45C0001307","TEXAS ORTHOPEDICS SURGERY CENTER LLC","4700 SETON CENTER PKWY, STE. 100","AUSTIN",,"TX","78759","5124391006",96,3,1,98,92,6,2,95,87,11,2,95,86,13,1,95,,1266,328,26,01/01/2018,12/31/2018
"45C0001315","PARK CITIES SURGERY CENTER LLC DBA PARK CITIES SURGERY CENTER","6901 SNIDER PLAZA SUITE 300","UNIVERSITY PARK",,"TX","75205","2147066901",99,1,0,99,94,4,2,96,94,5,1,97,91,8,1,96,,1345,292,22,01/01/2018,12/31/2018
"45C0001318","BAYLOR SURGICARE AT CARROLLTON","4780  NORTH JOSEY LANE","CARROLLTON",,"TX","75010","9723952210",98,2,0,99,93,5,2,95,90,9,1,96,90,9,1,96,,1351,349,26,01/01/2018,12/31/2018
"45C0001338","SAN ANTONIO ENDOSCOPY LP","8550 DATAPOINT, SUITE 100","SAN ANTONIO",,"TX","78229","2106157232",98,2,0,99,92,6,2,95,91,8,1,96,91,9,0,97,,1146,340,30,01/01/2018,12/31/2018
"45C0001344","MIDLAND TEXAS SURGICAL CENTER LLC","5609 DEAUVILLE BLVD","MIDLAND",,"TX","79706","4326994224",96,3,1,98,93,5,2,95,93,6,1,96,91,7,2,96,,1168,336,29,01/01/2018,12/31/2018
"45C0001351","THEDA OAKS GASTROENTEROLOGY AND ENDOSCOPY CENTER LLC","19226 STONE HUE SUITE 103","SAN ANTONIO",,"TX","78258","2102680100",95,4,1,97,88,9,3,92,84,13,3,94,82,16,2,93,,1100,278,25,01/01/2018,12/31/2018
"45C0001355","BAYLOR SURGICARE AT PLANO LLC","1701 OHIO DR.","PLANO",,"TX","75093","2142913000",99,1,0,99,90,8,2,94,92,7,1,95,89,10,1,95,,1016,258,25,01/01/2018,12/31/2018
"45C0001357","PHYSICIANS SURGICAL CENTER OF FT. WORTH LLP DBA BAYLOR SURGICARE AT FORT WORTH","750 12TH AVE","FORT WORTH",,"TX","76104","8173345100",97,2,1,98,93,5,2,96,94,6,0,96,91,9,0,97,,1047,273,26,01/01/2018,12/31/2018
"45C0001363","MEMORIAL HERMANN ENDOSCOPY CENTER NORTH FREEWAY DBA MEMORIAL HERMANN ENDOSCOPY CENTER NORTH LOOP","1900 NORTH LOOP FREEWAY WEST","HOUSTON",,"TX","77018","7134572750",98,2,0,99,92,6,2,95,87,11,2,95,86,12,2,94,,1073,205,19,01/01/2018,12/31/2018
"45C0001364","ROCKWALL AMBULATORY SURGERY CENTER LLP","825 WEST YELLOWJACKET LN","ROCKWALL",,"TX","75087","9727726166",98,2,0,99,91,7,2,95,90,9,1,96,87,12,1,95,,1261,318,25,01/01/2018,12/31/2018
"45C0001369","MEMORIAL HERMANN SURGERY CENTER NORTHWEST LLP DBA MEMORIAL HERMANN SURGERY CENTER NORTHWEST","1631 NORTH LOOP WEST SUITE 300","HOUSTON",,"TX","77008","7133961300",96,3,1,98,92,6,2,95,86,12,2,94,83,16,1,94,,1356,287,21,01/01/2018,12/31/2018
"45C0001370","TEXAS INTERNATIONAL ENDOSCOPY CENTER LP","6620 MAIN ST STE 1500","HOUSTON",,"TX","77030","7135208432",97,3,0,98,92,6,2,95,90,7,3,95,86,12,2,94,,1289,322,25,01/01/2018,12/31/2018
"45C0001373","ROCKWALL HEATH AMBULATORY SURGERY CENTER LLP DBA BAYLOR SURGICARE AT HEATH","6435 SOUTH FM 549 SUITE 101","HEATH",,"TX","75032","9727229003",97,3,0,98,93,5,2,96,93,7,0,97,91,7,2,95,,893,216,24,01/01/2018,12/31/2018
"45C0001374","EL PASO DAY SURGERY LP DBA EL PASO DAY SURGERY LLC","1300 MURCHISON SUITE 200","EL PASO",,"TX","79902","9155949333",96,3,1,98,87,10,3,92,83,15,2,94,83,16,1,94,,1040,231,22,01/01/2018,12/31/2018
"45C0001384","TUSCAN SURGERY CENTER AT LAS COLINAS","701 TUSCAN DR SUITE 100","IRVING",,"TX","75039","2144421900",99,1,0,99,93,6,1,96,92,7,1,96,89,10,1,96,,1286,303,24,01/01/2018,12/31/2018
"45C0001391","NORTH TEXAS ENDOSCOPY PARTNERS","2023 W. MCDERMOTT DR., # 240","ALLEN",,"TX","75013","9727811482",98,2,0,99,94,5,1,97,95,4,1,97,93,6,1,97,,1262,366,29,01/01/2018,12/31/2018
"45C0001393","NORTH GARLAND SURGERY CENTER LLP DBA BAYLOR SCOTT AND WHITE SURGICARE - NORTH GARLAND","7150 NORTH GEORGE BUSH HWY SUITE 101","GARLAND",,"TX","75044","2147031800",97,3,0,98,91,8,1,95,90,8,2,95,86,11,3,94,,1275,324,25,01/01/2018,12/31/2018
"45C0001396","CENTENNIAL ASC LLC","4401 COIT RD #100","FRISCO",,"TX","75035","4698936573",98,2,0,99,90,7,3,94,89,10,1,95,86,12,2,95,,1055,215,20,01/01/2018,12/31/2018
"45C0001406","MEMORIAL HERMANN SURGERY CENTER THE WOODLANDS LLP DBA MEMORIAL HERMANN SURGERY CENTER THE WOODLANDS","9200 PINECROFT DR SUITE 200","THE WOODLANDS",,"TX","77380","2812979500",98,2,0,99,92,6,2,95,88,11,1,95,88,10,2,95,,1016,209,21,01/01/2018,12/31/2018
"45C0001412","CEDAR PARK SURGERY CENTER LLP DBA HILL COUNTRY SURGERY CENTER","801 EAST WHITESTONE BLVD SUITE 100","CEDAR PARK",,"TX","78613","5125282000",97,2,1,98,92,6,2,95,90,7,3,95,89,9,2,95,,1160,293,25,01/01/2018,12/31/2018
"45C0001421","MEMORIAL HERMANN SURGERY CENTER RICHMOND LLC","1517 THOMPSON RD SUITE 100","RICHMOND",,"TX","77469","2813445444",97,3,0,98,91,7,2,95,89,7,4,93,85,11,4,93,,1075,237,22,01/01/2018,12/31/2018
"45C0001422","LONE STAR ENDOSCOPY CENTER LLC","180 BEAR CREEK PARKWAY","KELLER",,"TX","76248","8173373671",98,2,0,99,94,4,2,96,94,5,1,97,93,6,1,97,,1191,331,28,01/01/2018,12/31/2018
"45C0001442","MEMORIAL HERMANN SURGERY CENTER KINGSLAND","21720 KINGSLAND BLVD SUITE 101","KATY",,"TX","77450","2815795655",98,1,1,99,93,5,2,96,91,8,1,95,90,9,1,96,,1324,324,24,01/01/2018,12/31/2018
"45C0001443","MEMORIAL HERMANN SURGERY CENTER SOUTHWEST","7789 SOUTHWEST FREEWAY SUITE 200","HOUSTON",,"TX","77074","7133433100",98,2,0,99,91,8,1,95,81,17,2,93,79,18,3,91,,1268,223,18,01/01/2018,12/31/2018
"45C0001446","MEMORIAL HERMANN SURGERY CENTER TEXAS MEDICAL CENTER","6400 FANNIN ST SUITE 1500","HOUSTON",,"TX","77030","7137907710",96,3,1,98,93,6,1,96,91,6,3,96,89,8,3,95,,1332,268,20,01/01/2018,12/31/2018
"45C0001447","MEMORIAL HERMANN SURGERY CENTER KATY LLP","23920 KATY FREEWAY SUITE 200","KATY",,"TX","77494","2816443200",96,4,0,98,90,8,2,94,86,12,2,94,86,12,2,94,,1423,283,20,01/01/2018,12/31/2018
"45C0001449","MEMORIAL HERMANN SURGERY CENTER SUGAR LAND LLP","17510 WEST GRAND PARKWAY SOUTH SUITE 200","SUGAR LAND",,"TX","77479","2812381600",96,4,0,98,92,7,1,95,89,8,3,94,85,13,2,94,,1289,267,21,01/01/2018,12/31/2018
"45C0001458","NORTHWEST SURGERY CENTER LLP","11111 RESEARCH BLVD SUITE 350","AUSTIN",,"TX","78759","5123494010",98,2,0,99,95,4,1,97,88,11,1,95,88,10,2,95,,1048,255,24,01/01/2018,12/31/2018
"45C0001465","EL PASO CENTER FOR GASTROINTESTINAL ENDOSCOPY LLC","1620 N. MESA ST","EL PASO",,"TX","79902","9155455300",,,,,,,,,,,,,,,,,"4",,,,,
"45C0001471","BAYLOR SURGICARE AT GRANBURY LLC","1717 PALUXY RD.","GRANBURY",,"TX","76048","8175798863",98,2,0,99,95,4,1,97,92,6,2,96,93,6,1,97,,1129,485,43,01/01/2018,12/31/2018
"45C0001481","HYDE PARK SURGERY CENTER LLC","4611 GUADALUPE ST., # 100","AUSTIN",,"TX","78751","5124202303",95,5,0,97,91,8,1,95,82,13,5,93,81,16,3,92,,1005,264,26,01/01/2018,12/31/2018
"45C0001486","BAYLOR SURGICARE AT MANSFIELD LLC DBA BAYLOR SCOTT AND WHITE SURGICARE MANSFIELD","280 REGENCY PARKWAY","MANSFIELD",,"TX","76063","8174532744",98,2,0,99,91,7,2,95,92,6,2,96,88,10,2,95,,1435,334,23,01/01/2018,12/31/2018
"45C0001509","MEDICAL PARK TOWER SURGERY CENTER","1301 WEST 38TH ST SUITE 109","AUSTIN",,"TX","78705","5123543011",95,4,1,97,90,9,1,95,81,15,4,92,77,19,4,91,,1384,394,28,01/01/2018,12/31/2018
"45C0001513","MEMORIAL HERMANN MEMORIAL VILLAGE SURGERY CENTER","1120 BUSINESS CENTER DR SUITE 110","HOUSTON",,"TX","77043","7133371111",97,2,1,98,93,6,1,96,85,13,2,94,84,13,3,94,,1090,234,21,01/01/2018,12/31/2018
"45C0001522","WILLIAMSON SURGERY CENTER","301 SETON PKWY, STE 200","ROUND ROCK",,"TX","78665","5128614214",98,2,0,99,94,5,1,96,90,8,2,95,90,9,1,96,,1996,610,31,01/01/2018,12/31/2018
"45C0001536","KIRBY GLEN SURGERY CENTER","2459 S. BRAESWOOD BLVD.","HOUSTON",,"TX","77030","7135298600",97,2,1,98,91,7,2,95,84,13,3,94,82,16,2,93,,1837,554,30,01/01/2018,12/31/2018
"45C0001570","LONE STAR ENDOSCOPY CENTER LLC","1001 SURREY LANE","FLOWER MOUND",,"TX","75022","2145136300",97,3,0,98,92,6,2,95,93,6,1,96,91,8,1,96,,951,254,27,01/01/2018,12/31/2018
"45C0001597","NORTH PINES SURGERY CENTER LLC","4019 I 45 N SUITE 150","CONROE",,"TX","77304","9366418181",98,2,0,99,95,4,1,97,90,8,2,96,91,7,2,96,"2",761,221,29,01/01/2018,12/31/2018
"45C0001606","US CARDIO OF SA LLC","6830 HEUERMANN RD","SAN ANTONIO",,"TX","78256","2108024350",,,,,,,,,,,,,,,,,"4",,,,,
"45C0001607","MEMORIAL HERMANN SURGERY CENTER PINECROFT LLC","9305 PINECROFT DR SUITE 200","THE WOODLANDS",,"TX","77380","8328235156",96,3,1,98,93,5,2,95,89,8,3,94,83,15,2,94,,1294,298,23,01/01/2018,12/31/2018
"45C0001621","AMBULATORY SURGERY CENTER AT LBJ","5550 KELLEY ST","HOUSTON",,"TX","77026","7135569129",,,,,,,,,,,,,,,,,"4",,,,,
"45C0001622","METHODIST ALLEN SURGERY CENTER","1125 RAINTREE CIRLCE SUITE 200","ALLEN",,"TX","75013","9725694500",97,2,1,98,93,6,1,96,91,6,3,95,87,10,3,95,"2",1221,259,21,01/01/2018,12/31/2018
"45C0001638","METHODIST CRAIG RANCH SURGERY CENTER","6045 ALMA RD SUITE 100","MCKINNEY",,"TX","75070","4699071651",,,,,,,,,,,,,,,,,"4",,,,,
"45C0001656","BAYLOR SURGICARE AT BAYLOR PLANO LLC DBA BAYLOR SCOTT AND WHITE SURGICARE AT PLANO ALLIANCE","4825 ALLIANCE BLVD SUTE 300","PLANO",,"TX","75093","4693670700",,,,,,,,,,,,,,,,,"4",,,,,
"46C0001003","IHC HEALTH SERVICES DBA INTERMOUNTAIN AVENUES SURGICAL CENTER","359 8TH AVE","SALT LAKE CITY",,"UT","84103","8014083994",97,3,0,99,92,7,1,95,92,7,1,96,89,10,1,96,,871,215,26,01/01/2018,12/31/2018
"46C0001004","MCKAY DEE SURGICAL CENTER LLC","3903 HARRISON BLVD., STE. 100","OGDEN",,"UT","84403","8013873600",97,3,0,99,91,8,1,95,88,10,2,95,88,11,1,95,,1966,542,28,01/01/2018,12/31/2018
"49C0001009","CENTRAL VIRGINIA SURGI-CENTER LP DBA SURGI-CENTER OF CENTRAL VIRGINIA","1500 DIXON ST SUITE 101","FREDERICKSBURG",,"VA","22401","5403715349",97,2,1,98,94,5,1,96,89,10,1,95,87,12,1,95,,1010,399,40,01/01/2018,12/31/2018
"49C0001012","VIRGINIA BEACH AMBULATORY SURGERY CENTER","1700 WILL O WISP DR","VIRGINIA BEACH",,"VA","23454","7574966400",,,,,,,,,,,,,,,,,"4",,,,,
"49C0001025","STONY POINT SURGERY CENTER L.L.C","8700 STONY POINT PARKWAY, SUITE 100","RICHMOND",,"VA","23235","8047754500",,,,,,,,,,,,,,,,,"4",,,,,
"49C0001034","MARY IMMACULATE AMBULATORY SURGERY CENTER LLC","12720 MCMANUS BLVD SUITE 103","NEWPORT NEWS",,"VA","23602","7573697000",97,3,0,98,91,7,2,95,85,13,2,94,85,14,1,95,,1282,380,30,01/01/2018,12/31/2018
"49C0001044","ST MARY'S AMBULATORY SURGERY CENTER LLC","1501 MAPLE AVE SUITE 300","RICHMOND",,"VA","23226","8042877289",99,1,0,99,94,4,2,96,89,10,1,96,91,8,1,97,,763,213,28,01/01/2018,12/31/2018
"49C0001047","BON SECOURS SURGERY CENTER AT VIRGINIA BEACH LLC","828 HEALTHY WAY SUITE 115","VIRGINIA BEACH",,"VA","23462","7574958070",97,2,1,98,92,6,2,95,90,8,2,95,90,8,2,96,,1087,376,35,01/01/2018,12/31/2018
"49C0001049","BON SECOURS SURGERY CENTER AT HARBOUR VIEW LLC DBA BON SECOURS SURGERY CENTER AT HARBOUR VIEW","5818 HARBOUR VIEW BLVD SUITE 102D","SUFFOLK",,"VA","23435","7572150499",97,3,0,98,89,9,2,94,87,11,2,95,87,11,2,95,,995,329,33,01/01/2018,12/31/2018
"50C0001048","TACOMA AMBULATORY SURGERY CENTER","209 MARTIN LUTHER KING JR WAY","TACOMA",,"WA","98405","2065963590",98,2,0,99,93,6,1,96,86,12,2,94,82,16,2,93,,2196,708,32,01/01/2018,12/31/2018
"50C0001095","PUGET SOUND GASTROETNEROLOGY AT KIRKLANDEVERGREEN ENDO CTR","11800 NE 128TH ST SUITE 100","KIRKLAND",,"WA","98034","4258994500",99,1,0,100,95,4,1,97,91,8,1,96,89,10,1,96,,1394,433,31,01/01/2018,12/31/2018
"50C0001130","PUGET SOUND GASTROENTEROLOGY PS","11027 MERIDIAN AVE. N. STE. 100","SEATTLE",,"WA","98133","2063654492",98,2,0,99,92,7,1,96,86,12,2,94,86,12,2,94,,1144,441,39,01/01/2018,12/31/2018
"50C0001146","THE EVERETT CLINIC PLLC","3927 RUCKER AVE","EVERETT",,"WA","98201","4252853906",98,2,0,99,91,7,2,94,84,14,2,93,84,15,1,94,,1751,490,28,01/01/2018,12/31/2018
"50C0001152","THE VANCOUVER CLINIC INC","700 NE 87TH AVE.","VANCOUVER",,"WA","98664","3603973462",97,3,0,99,90,8,2,94,85,13,2,94,82,17,1,94,,5134,1476,29,01/01/2018,12/31/2018
"50C0001157","EDMONDS ENDOSCOPY CENTER","21600 HWY 99, STE. 260","EDMONDS",,"WA","98026","4257742650",95,4,1,97,92,7,1,96,84,13,3,93,82,16,2,93,,1230,389,32,01/01/2018,12/31/2018
"50C0001190","GASTROENTEROLOGY ASSOCIATES LLC","500 LILLY RD NORTHEAST SUITE 204","OLYMPIA",,"WA","98506","3604138250",,,,,,,,,,,,,,,,,"4",,,,,
"50C0001226","PUGET SOUND GASTROENTEROLOGY PS","501 N. 34TH ST. STE. 101","SEATTLE",,"WA","98103","2068381777",97,3,0,99,92,7,1,95,87,11,2,94,87,11,2,95,,1130,308,27,01/01/2018,12/31/2018
"50C0001233","NORTHWEST ORTHOPAEDIC SPECIALISTS PS","601 WEST 5TH AVE SUITE 500","SPOKANE",,"WA","99204","5093448672",,,,,,,,,,,,,,,,,"4",,,,,
"50C0001280","BELLEVUE AMBULATORY SURGERY CENTER","11511 NE 10TH ST","BELLEVUE",,"WA","98004","5092417026",98,2,0,99,92,6,2,95,88,10,2,94,84,14,2,94,,2374,754,32,01/01/2018,12/31/2018
"50C0001311","PROVIDENCE HEALTH AND SERVICES WASHINGTON","16528 E DESMET CT A2100","SPOKANE VALLEY",,"WA","99216","5099448960",98,1,1,99,92,7,1,96,87,11,2,95,88,10,2,95,,1472,372,25,01/01/2018,12/31/2018
"52C0001005","SSM HEALTH DAVIS DUEHR DEAN SURGERY CENTER","1025 REGENT ST","MADISON",,"WI","53715","6082593570",96,4,0,98,90,9,1,94,81,15,4,91,82,17,1,94,,578,290,51,01/01/2018,12/31/2018
"52C0001006","AURORA ADVANCED HEALTHCARE: NORTH SHORE SURGICAL CENTER","7007 N. RANGE LINE RD.","MILWAUKEE",,"WI","53209","2625327092",98,2,0,99,94,5,1,97,86,12,2,94,84,14,2,93,,1444,451,31,01/01/2018,12/31/2018
"52C0001011","SSM HEALTH SURGERYDIGESTIVE HEALTH CTR ON PARK ST","700 SOUTH PARK ST","MADISON",,"WI","53715","6082593510",98,2,0,99,93,6,1,96,88,11,1,95,90,10,0,97,,701,257,37,01/01/2018,12/31/2018
"52C0001057","EAST MEQUON SURGERY CENTER LLC","12203 WEST CORPORATE PARKWAY","MEQUON",,"WI","53092","4146493911",98,2,0,99,92,7,1,96,89,8,3,94,86,12,2,94,,1354,482,36,01/01/2018,12/31/2018
"52C0001066","ASPIRUS STEVENS POINT SURGERY CENTER LLC","5409 VERN HOLMES DR.","STEVENS POINT",,"WI","54481","7153421015",95,5,0,98,92,6,2,95,91,7,2,96,95,4,1,98,,420,107,26,01/01/2018,12/31/2018
"52C0001098","VASCARE MAYFAIR LLC","805 N. MAYFAIR RD.","WAUWATOSA",,"WI","53226","4149886773",,,,,,,,,,,,,,,,,"4",,,,,
"52C0001113","AURORA SURGERY CENTERS LLC","WEST 180 NORTH 11070 RIVER LANE RD","GERMANTOWN",,"WI","53222","2625329777",98,2,0,99,93,6,1,96,91,8,1,96,86,13,1,95,,1435,497,37,01/01/2018,12/31/2018
"53C0001010","TETON OUTPATIENT SERVICES LLC","150 BUFFALO WAY","JACKSON",,"WY","83001","3077338677",98,2,0,99,91,7,2,94,88,11,1,95,91,8,1,96,,1147,325,28,01/01/2018,12/31/2018
"53C0001018","SHERIDAN SURGICAL CENTER LLC","1524 WEST 5TH ST","SHERIDAN",,"WY","82801","3706727874",96,4,0,98,89,9,2,94,85,12,3,93,82,17,1,93,,1048,445,42,01/01/2018,12/31/2018
"55C0001055","SAN FERNANDO VALLEY SURGERY CENTER LP","11550 INDIAN HILLS RD SUITE 160","MISSION HILLS",,"CA","91345","8182562100",97,2,1,98,90,8,2,94,87,10,3,94,85,13,2,94,,1173,312,27,01/01/2018,12/31/2018
"55C0001083","SACRAMENTO MIDTOWN ENDOSCOPY CENTER LLC","3941 J ST SUITE 460","SACRAMENTO",,"CA","95819","9167336218",97,3,0,98,89,9,2,94,82,16,2,93,79,19,2,92,,1622,489,30,01/01/2018,12/31/2018

