"Measure Name","Measure ID","National Rate","Number of Hospitals Worse","Number of Hospitals Same","Number of Hospitals Better","Number of Hospitals Too Few","Footnote","Measure Start Date","Measure End Date"
Rate of complications for hip/knee replacement patients,COMP_HIP_KNEE,2.5,58,2664,64,656,,04/01/2015,03/31/2018
Death rate for heart attack patients,MORT_30_AMI,12.9,11,2343,33,1917,,07/01/2015,06/30/2018
Death rate for CABG surgery patients,MORT_30_CABG,3.1,19,987,9,164,,07/01/2015,06/30/2018
Death rate for COPD patients,MORT_30_COPD,8.5,72,3485,58,926,,07/01/2015,06/30/2018
Death rate for heart failure patients,MORT_30_HF,11.5,146,3307,237,971,,07/01/2015,06/30/2018
Death rate for pneumonia patients,MORT_30_PN,15.6,270,3720,264,469,,07/01/2015,06/30/2018
Death rate for stroke patients,MORT_30_STK,13.8,76,2424,46,1767,,07/01/2015,06/30/2018
Postoperative Acute Kidney Injury Requiring Dialysis Rate,PSI_10_POST_KIDNEY,1.35,33,2770,4,201,,07/01/2016,06/30/2018
Postoperative Respiratory Failure Rate,PSI_11_POST_RESP,7.35,146,2565,70,217,,07/01/2016,06/30/2018
Serious blood clots after surgery,PSI_12_POSTOP_PULMEMB_DVT,3.85,121,2863,36,111,,07/01/2016,06/30/2018
Blood stream infection after surgery,PSI_13_POST_SEPSIS,5.09,60,2707,19,209,,07/01/2016,06/30/2018
A wound that splits open after surgery on the abdomen or pelvis,PSI_14_POSTOP_DEHIS,0.95,4,2770,0,286,,07/01/2016,06/30/2018
Accidental cuts and tears from medical treatment,PSI_15_ACC_LAC,1.29,33,2951,2,166,,07/01/2016,06/30/2018
Pressure sores,PSI_3_ULCER,0.52,221,2928,89,56,,07/01/2016,06/30/2018
Deaths among Patients with Serious Treatable Complications after Surgery,PSI_4_SURG_COMP,163.01,65,1689,45,949,,07/01/2016,06/30/2018
Collapsed lung due to medical treatment,PSI_6_IAT_PTX,0.27,25,3239,2,39,,07/01/2016,06/30/2018
Broken hip from a fall after surgery,PSI_8_POST_HIP,0.11,1,3261,0,41,,07/01/2016,06/30/2018
Serious complications,PSI_90_SAFETY,1.00,202,3009,94,Not Available,,07/01/2016,06/30/2018
Perioperative Hemorrhage or Hematoma Rate,PSI_9_POST_HEM,2.53,39,2973,3,115,,07/01/2016,06/30/2018
