"State","Measure Name","Measure ID","Number less than national payment","Number same as national payment","Number greater than national payment","Number of hospitals too few","Footnote","Measure Start Date","Measure End Date"
AK,Payment for heart attack patients,PAYM_30_AMI,0,5,0,13,,07/01/2015,06/30/2018
AK,Payment for heart failure patients,PAYM_30_HF,5,4,0,14,,07/01/2015,06/30/2018
AK,Payment for pneumonia patients,PAYM_30_PN,10,4,1,8,,07/01/2015,06/30/2018
AK,Payment for hip/knee replacement patients,PAYM_90_HIP_KNEE,8,0,0,2,,04/01/2015,03/31/2018
AL,Payment for heart attack patients,PAYM_30_AMI,3,32,2,47,,07/01/2015,06/30/2018
AL,Payment for heart failure patients,PAYM_30_HF,15,53,5,14,,07/01/2015,06/30/2018
AL,Payment for pneumonia patients,PAYM_30_PN,33,41,7,6,,07/01/2015,06/30/2018
AL,Payment for hip/knee replacement patients,PAYM_90_HIP_KNEE,8,17,18,6,,04/01/2015,03/31/2018
AR,Payment for heart attack patients,PAYM_30_AMI,0,20,6,39,,07/01/2015,06/30/2018
AR,Payment for heart failure patients,PAYM_30_HF,1,49,9,13,,07/01/2015,06/30/2018
AR,Payment for pneumonia patients,PAYM_30_PN,13,44,14,1,,07/01/2015,06/30/2018
AR,Payment for hip/knee replacement patients,PAYM_90_HIP_KNEE,15,9,8,11,,04/01/2015,03/31/2018
AS,Payment for heart attack patients,PAYM_30_AMI,Not Available,Not Available,Not Available,Not Available,5 - Results are not available for this reporting period.,07/01/2015,06/30/2018
AS,Payment for heart failure patients,PAYM_30_HF,Not Available,Not Available,Not Available,Not Available,5 - Results are not available for this reporting period.,07/01/2015,06/30/2018
AS,Payment for pneumonia patients,PAYM_30_PN,Not Available,Not Available,Not Available,Not Available,5 - Results are not available for this reporting period.,07/01/2015,06/30/2018
AS,Payment for hip/knee replacement patients,PAYM_90_HIP_KNEE,Not Available,Not Available,Not Available,Not Available,5 - Results are not available for this reporting period.,04/01/2015,03/31/2018
AZ,Payment for heart attack patients,PAYM_30_AMI,2,39,3,19,,07/01/2015,06/30/2018
AZ,Payment for heart failure patients,PAYM_30_HF,4,35,12,21,,07/01/2015,06/30/2018
AZ,Payment for pneumonia patients,PAYM_30_PN,18,31,16,9,,07/01/2015,06/30/2018
AZ,Payment for hip/knee replacement patients,PAYM_90_HIP_KNEE,31,17,1,5,,04/01/2015,03/31/2018
CA,Payment for heart attack patients,PAYM_30_AMI,6,173,17,116,,07/01/2015,06/30/2018
CA,Payment for heart failure patients,PAYM_30_HF,30,168,59,66,,07/01/2015,06/30/2018
CA,Payment for pneumonia patients,PAYM_30_PN,47,138,100,40,,07/01/2015,06/30/2018
CA,Payment for hip/knee replacement patients,PAYM_90_HIP_KNEE,91,68,41,81,,04/01/2015,03/31/2018
CO,Payment for heart attack patients,PAYM_30_AMI,4,27,1,37,,07/01/2015,06/30/2018
CO,Payment for heart failure patients,PAYM_30_HF,2,49,1,25,,07/01/2015,06/30/2018
CO,Payment for pneumonia patients,PAYM_30_PN,12,49,3,16,,07/01/2015,06/30/2018
CO,Payment for hip/knee replacement patients,PAYM_90_HIP_KNEE,28,25,2,9,,04/01/2015,03/31/2018
CT,Payment for heart attack patients,PAYM_30_AMI,0,24,0,4,,07/01/2015,06/30/2018
CT,Payment for heart failure patients,PAYM_30_HF,1,14,13,1,,07/01/2015,06/30/2018
CT,Payment for pneumonia patients,PAYM_30_PN,1,18,10,0,,07/01/2015,06/30/2018
CT,Payment for hip/knee replacement patients,PAYM_90_HIP_KNEE,7,12,7,0,,04/01/2015,03/31/2018
DC,Payment for heart attack patients,PAYM_30_AMI,0,7,0,0,,07/01/2015,06/30/2018
DC,Payment for heart failure patients,PAYM_30_HF,1,5,1,0,,07/01/2015,06/30/2018
DC,Payment for pneumonia patients,PAYM_30_PN,1,3,3,0,,07/01/2015,06/30/2018
DC,Payment for hip/knee replacement patients,PAYM_90_HIP_KNEE,1,2,2,2,,04/01/2015,03/31/2018
DE,Payment for heart attack patients,PAYM_30_AMI,0,3,3,0,,07/01/2015,06/30/2018
DE,Payment for heart failure patients,PAYM_30_HF,0,6,0,0,,07/01/2015,06/30/2018
DE,Payment for pneumonia patients,PAYM_30_PN,1,5,0,0,,07/01/2015,06/30/2018
DE,Payment for hip/knee replacement patients,PAYM_90_HIP_KNEE,5,1,0,0,,04/01/2015,03/31/2018
FL,Payment for heart attack patients,PAYM_30_AMI,10,127,10,28,,07/01/2015,06/30/2018
FL,Payment for heart failure patients,PAYM_30_HF,7,99,69,7,,07/01/2015,06/30/2018
FL,Payment for pneumonia patients,PAYM_30_PN,15,101,60,8,,07/01/2015,06/30/2018
FL,Payment for hip/knee replacement patients,PAYM_90_HIP_KNEE,34,46,64,23,,04/01/2015,03/31/2018
GA,Payment for heart attack patients,PAYM_30_AMI,4,57,1,49,,07/01/2015,06/30/2018
GA,Payment for heart failure patients,PAYM_30_HF,25,66,3,36,,07/01/2015,06/30/2018
GA,Payment for pneumonia patients,PAYM_30_PN,30,73,8,19,,07/01/2015,06/30/2018
GA,Payment for hip/knee replacement patients,PAYM_90_HIP_KNEE,28,32,14,15,,04/01/2015,03/31/2018
GU,Payment for heart attack patients,PAYM_30_AMI,Not Available,Not Available,Not Available,Not Available,5 - Results are not available for this reporting period.,07/01/2015,06/30/2018
GU,Payment for heart failure patients,PAYM_30_HF,Not Available,Not Available,Not Available,Not Available,5 - Results are not available for this reporting period.,07/01/2015,06/30/2018
GU,Payment for pneumonia patients,PAYM_30_PN,Not Available,Not Available,Not Available,Not Available,5 - Results are not available for this reporting period.,07/01/2015,06/30/2018
GU,Payment for hip/knee replacement patients,PAYM_90_HIP_KNEE,Not Available,Not Available,Not Available,Not Available,5 - Results are not available for this reporting period.,04/01/2015,03/31/2018
HI,Payment for heart attack patients,PAYM_30_AMI,4,5,0,4,,07/01/2015,06/30/2018
HI,Payment for heart failure patients,PAYM_30_HF,5,7,0,2,,07/01/2015,06/30/2018
HI,Payment for pneumonia patients,PAYM_30_PN,4,7,1,6,,07/01/2015,06/30/2018
HI,Payment for hip/knee replacement patients,PAYM_90_HIP_KNEE,7,1,1,3,,04/01/2015,03/31/2018
IA,Payment for heart attack patients,PAYM_30_AMI,7,17,1,81,,07/01/2015,06/30/2018
IA,Payment for heart failure patients,PAYM_30_HF,7,64,5,40,,07/01/2015,06/30/2018
IA,Payment for pneumonia patients,PAYM_30_PN,22,72,18,4,,07/01/2015,06/30/2018
IA,Payment for hip/knee replacement patients,PAYM_90_HIP_KNEE,31,22,5,18,,04/01/2015,03/31/2018
ID,Payment for heart attack patients,PAYM_30_AMI,1,8,0,21,,07/01/2015,06/30/2018
ID,Payment for heart failure patients,PAYM_30_HF,3,16,1,18,,07/01/2015,06/30/2018
ID,Payment for pneumonia patients,PAYM_30_PN,10,20,0,11,,07/01/2015,06/30/2018
ID,Payment for hip/knee replacement patients,PAYM_90_HIP_KNEE,13,8,4,6,,04/01/2015,03/31/2018
IL,Payment for heart attack patients,PAYM_30_AMI,7,77,16,72,,07/01/2015,06/30/2018
IL,Payment for heart failure patients,PAYM_30_HF,9,125,26,17,,07/01/2015,06/30/2018
IL,Payment for pneumonia patients,PAYM_30_PN,36,101,36,4,,07/01/2015,06/30/2018
IL,Payment for hip/knee replacement patients,PAYM_90_HIP_KNEE,37,46,31,28,,04/01/2015,03/31/2018
IN,Payment for heart attack patients,PAYM_30_AMI,5,48,7,50,,07/01/2015,06/30/2018
IN,Payment for heart failure patients,PAYM_30_HF,5,80,19,8,,07/01/2015,06/30/2018
IN,Payment for pneumonia patients,PAYM_30_PN,11,79,19,3,,07/01/2015,06/30/2018
IN,Payment for hip/knee replacement patients,PAYM_90_HIP_KNEE,31,33,18,18,,04/01/2015,03/31/2018
KS,Payment for heart attack patients,PAYM_30_AMI,1,21,1,78,,07/01/2015,06/30/2018
KS,Payment for heart failure patients,PAYM_30_HF,4,57,10,55,,07/01/2015,06/30/2018
KS,Payment for pneumonia patients,PAYM_30_PN,8,74,27,18,,07/01/2015,06/30/2018
KS,Payment for hip/knee replacement patients,PAYM_90_HIP_KNEE,21,15,9,8,,04/01/2015,03/31/2018
KY,Payment for heart attack patients,PAYM_30_AMI,3,39,2,42,,07/01/2015,06/30/2018
KY,Payment for heart failure patients,PAYM_30_HF,10,63,7,12,,07/01/2015,06/30/2018
KY,Payment for pneumonia patients,PAYM_30_PN,29,47,13,4,,07/01/2015,06/30/2018
KY,Payment for hip/knee replacement patients,PAYM_90_HIP_KNEE,8,27,7,16,,04/01/2015,03/31/2018
LA,Payment for heart attack patients,PAYM_30_AMI,4,34,3,50,,07/01/2015,06/30/2018
LA,Payment for heart failure patients,PAYM_30_HF,8,62,9,22,,07/01/2015,06/30/2018
LA,Payment for pneumonia patients,PAYM_30_PN,14,55,22,12,,07/01/2015,06/30/2018
LA,Payment for hip/knee replacement patients,PAYM_90_HIP_KNEE,10,26,15,21,,04/01/2015,03/31/2018
MA,Payment for heart attack patients,PAYM_30_AMI,2,42,6,8,,07/01/2015,06/30/2018
MA,Payment for heart failure patients,PAYM_30_HF,5,39,13,2,,07/01/2015,06/30/2018
MA,Payment for pneumonia patients,PAYM_30_PN,14,34,9,3,,07/01/2015,06/30/2018
MA,Payment for hip/knee replacement patients,PAYM_90_HIP_KNEE,5,22,27,1,,04/01/2015,03/31/2018
MD,Payment for heart attack patients,PAYM_30_AMI,2,38,0,5,,07/01/2015,06/30/2018
MD,Payment for heart failure patients,PAYM_30_HF,8,33,3,2,,07/01/2015,06/30/2018
MD,Payment for pneumonia patients,PAYM_30_PN,16,23,6,1,,07/01/2015,06/30/2018
MD,Payment for hip/knee replacement patients,PAYM_90_HIP_KNEE,14,14,13,4,,04/01/2015,03/31/2018
ME,Payment for heart attack patients,PAYM_30_AMI,3,19,0,11,,07/01/2015,06/30/2018
ME,Payment for heart failure patients,PAYM_30_HF,6,25,1,1,,07/01/2015,06/30/2018
ME,Payment for pneumonia patients,PAYM_30_PN,11,20,1,1,,07/01/2015,06/30/2018
ME,Payment for hip/knee replacement patients,PAYM_90_HIP_KNEE,7,11,6,6,,04/01/2015,03/31/2018
MI,Payment for heart attack patients,PAYM_30_AMI,9,52,3,54,,07/01/2015,06/30/2018
MI,Payment for heart failure patients,PAYM_30_HF,12,79,12,21,,07/01/2015,06/30/2018
MI,Payment for pneumonia patients,PAYM_30_PN,27,70,18,8,,07/01/2015,06/30/2018
MI,Payment for hip/knee replacement patients,PAYM_90_HIP_KNEE,48,44,6,17,,04/01/2015,03/31/2018
MN,Payment for heart attack patients,PAYM_30_AMI,0,19,2,88,,07/01/2015,06/30/2018
MN,Payment for heart failure patients,PAYM_30_HF,9,50,2,66,,07/01/2015,06/30/2018
MN,Payment for pneumonia patients,PAYM_30_PN,23,58,3,44,,07/01/2015,06/30/2018
MN,Payment for hip/knee replacement patients,PAYM_90_HIP_KNEE,32,20,6,28,,04/01/2015,03/31/2018
MO,Payment for heart attack patients,PAYM_30_AMI,2,45,1,51,,07/01/2015,06/30/2018
MO,Payment for heart failure patients,PAYM_30_HF,13,65,8,23,,07/01/2015,06/30/2018
MO,Payment for pneumonia patients,PAYM_30_PN,27,64,15,5,,07/01/2015,06/30/2018
MO,Payment for hip/knee replacement patients,PAYM_90_HIP_KNEE,31,27,7,14,,04/01/2015,03/31/2018
MP,Payment for heart attack patients,PAYM_30_AMI,Not Available,Not Available,Not Available,Not Available,5 - Results are not available for this reporting period.,07/01/2015,06/30/2018
MP,Payment for heart failure patients,PAYM_30_HF,Not Available,Not Available,Not Available,Not Available,5 - Results are not available for this reporting period.,07/01/2015,06/30/2018
MP,Payment for pneumonia patients,PAYM_30_PN,Not Available,Not Available,Not Available,Not Available,5 - Results are not available for this reporting period.,07/01/2015,06/30/2018
MP,Payment for hip/knee replacement patients,PAYM_90_HIP_KNEE,Not Available,Not Available,Not Available,Not Available,5 - Results are not available for this reporting period.,04/01/2015,03/31/2018
MS,Payment for heart attack patients,PAYM_30_AMI,2,17,4,51,,07/01/2015,06/30/2018
MS,Payment for heart failure patients,PAYM_30_HF,13,46,9,22,,07/01/2015,06/30/2018
MS,Payment for pneumonia patients,PAYM_30_PN,15,52,17,8,,07/01/2015,06/30/2018
MS,Payment for hip/knee replacement patients,PAYM_90_HIP_KNEE,2,6,18,11,,04/01/2015,03/31/2018
MT,Payment for heart attack patients,PAYM_30_AMI,1,7,1,28,,07/01/2015,06/30/2018
MT,Payment for heart failure patients,PAYM_30_HF,2,20,0,37,,07/01/2015,06/30/2018
MT,Payment for pneumonia patients,PAYM_30_PN,13,24,1,22,,07/01/2015,06/30/2018
MT,Payment for hip/knee replacement patients,PAYM_90_HIP_KNEE,18,4,1,3,,04/01/2015,03/31/2018
NC,Payment for heart attack patients,PAYM_30_AMI,11,56,0,31,,07/01/2015,06/30/2018
NC,Payment for heart failure patients,PAYM_30_HF,30,61,1,11,,07/01/2015,06/30/2018
NC,Payment for pneumonia patients,PAYM_30_PN,33,63,6,2,,07/01/2015,06/30/2018
NC,Payment for hip/knee replacement patients,PAYM_90_HIP_KNEE,41,29,11,7,,04/01/2015,03/31/2018
ND,Payment for heart attack patients,PAYM_30_AMI,1,7,0,24,,07/01/2015,06/30/2018
ND,Payment for heart failure patients,PAYM_30_HF,2,13,0,28,,07/01/2015,06/30/2018
ND,Payment for pneumonia patients,PAYM_30_PN,8,21,2,12,,07/01/2015,06/30/2018
ND,Payment for hip/knee replacement patients,PAYM_90_HIP_KNEE,7,2,0,0,,04/01/2015,03/31/2018
NE,Payment for heart attack patients,PAYM_30_AMI,0,14,5,52,,07/01/2015,06/30/2018
NE,Payment for heart failure patients,PAYM_30_HF,1,34,4,43,,07/01/2015,06/30/2018
NE,Payment for pneumonia patients,PAYM_30_PN,10,51,12,11,,07/01/2015,06/30/2018
NE,Payment for hip/knee replacement patients,PAYM_90_HIP_KNEE,12,25,4,15,,04/01/2015,03/31/2018
NH,Payment for heart attack patients,PAYM_30_AMI,0,17,0,9,,07/01/2015,06/30/2018
NH,Payment for heart failure patients,PAYM_30_HF,7,15,3,1,,07/01/2015,06/30/2018
NH,Payment for pneumonia patients,PAYM_30_PN,11,13,2,0,,07/01/2015,06/30/2018
NH,Payment for hip/knee replacement patients,PAYM_90_HIP_KNEE,11,7,4,2,,04/01/2015,03/31/2018
NJ,Payment for heart attack patients,PAYM_30_AMI,0,40,23,1,,07/01/2015,06/30/2018
NJ,Payment for heart failure patients,PAYM_30_HF,0,18,46,0,,07/01/2015,06/30/2018
NJ,Payment for pneumonia patients,PAYM_30_PN,0,23,41,0,,07/01/2015,06/30/2018
NJ,Payment for hip/knee replacement patients,PAYM_90_HIP_KNEE,8,12,31,12,,04/01/2015,03/31/2018
NM,Payment for heart attack patients,PAYM_30_AMI,3,7,2,23,,07/01/2015,06/30/2018
NM,Payment for heart failure patients,PAYM_30_HF,5,24,0,9,,07/01/2015,06/30/2018
NM,Payment for pneumonia patients,PAYM_30_PN,16,16,3,4,,07/01/2015,06/30/2018
NM,Payment for hip/knee replacement patients,PAYM_90_HIP_KNEE,10,6,2,6,,04/01/2015,03/31/2018
NV,Payment for heart attack patients,PAYM_30_AMI,3,12,4,13,,07/01/2015,06/30/2018
NV,Payment for heart failure patients,PAYM_30_HF,2,14,11,6,,07/01/2015,06/30/2018
NV,Payment for pneumonia patients,PAYM_30_PN,5,8,16,7,,07/01/2015,06/30/2018
NV,Payment for hip/knee replacement patients,PAYM_90_HIP_KNEE,9,4,10,2,,04/01/2015,03/31/2018
NY,Payment for heart attack patients,PAYM_30_AMI,11,94,11,44,,07/01/2015,06/30/2018
NY,Payment for heart failure patients,PAYM_30_HF,27,83,40,13,,07/01/2015,06/30/2018
NY,Payment for pneumonia patients,PAYM_30_PN,55,72,33,8,,07/01/2015,06/30/2018
NY,Payment for hip/knee replacement patients,PAYM_90_HIP_KNEE,28,49,27,38,,04/01/2015,03/31/2018
OH,Payment for heart attack patients,PAYM_30_AMI,2,80,7,57,,07/01/2015,06/30/2018
OH,Payment for heart failure patients,PAYM_30_HF,7,112,20,12,,07/01/2015,06/30/2018
OH,Payment for pneumonia patients,PAYM_30_PN,17,97,33,6,,07/01/2015,06/30/2018
OH,Payment for hip/knee replacement patients,PAYM_90_HIP_KNEE,39,63,32,16,,04/01/2015,03/31/2018
OK,Payment for heart attack patients,PAYM_30_AMI,0,31,1,65,,07/01/2015,06/30/2018
OK,Payment for heart failure patients,PAYM_30_HF,7,65,4,41,,07/01/2015,06/30/2018
OK,Payment for pneumonia patients,PAYM_30_PN,25,58,19,18,,07/01/2015,06/30/2018
OK,Payment for hip/knee replacement patients,PAYM_90_HIP_KNEE,14,24,10,12,,04/01/2015,03/31/2018
OR,Payment for heart attack patients,PAYM_30_AMI,7,17,0,34,,07/01/2015,06/30/2018
OR,Payment for heart failure patients,PAYM_30_HF,21,25,1,11,,07/01/2015,06/30/2018
OR,Payment for pneumonia patients,PAYM_30_PN,28,27,0,4,,07/01/2015,06/30/2018
OR,Payment for hip/knee replacement patients,PAYM_90_HIP_KNEE,30,11,0,7,,04/01/2015,03/31/2018
PA,Payment for heart attack patients,PAYM_30_AMI,8,92,8,45,,07/01/2015,06/30/2018
PA,Payment for heart failure patients,PAYM_30_HF,4,120,24,7,,07/01/2015,06/30/2018
PA,Payment for pneumonia patients,PAYM_30_PN,18,94,39,4,,07/01/2015,06/30/2018
PA,Payment for hip/knee replacement patients,PAYM_90_HIP_KNEE,48,51,30,22,,04/01/2015,03/31/2018
PR,Payment for heart attack patients,PAYM_30_AMI,4,7,0,34,,07/01/2015,06/30/2018
PR,Payment for heart failure patients,PAYM_30_HF,4,15,0,27,,07/01/2015,06/30/2018
PR,Payment for pneumonia patients,PAYM_30_PN,10,15,0,24,,07/01/2015,06/30/2018
PR,Payment for hip/knee replacement patients,PAYM_90_HIP_KNEE,2,0,3,27,,04/01/2015,03/31/2018
RI,Payment for heart attack patients,PAYM_30_AMI,2,7,0,1,,07/01/2015,06/30/2018
RI,Payment for heart failure patients,PAYM_30_HF,0,10,0,0,,07/01/2015,06/30/2018
RI,Payment for pneumonia patients,PAYM_30_PN,2,7,1,1,,07/01/2015,06/30/2018
RI,Payment for hip/knee replacement patients,PAYM_90_HIP_KNEE,1,4,4,1,,04/01/2015,03/31/2018
SC,Payment for heart attack patients,PAYM_30_AMI,1,24,6,24,,07/01/2015,06/30/2018
SC,Payment for heart failure patients,PAYM_30_HF,11,37,5,7,,07/01/2015,06/30/2018
SC,Payment for pneumonia patients,PAYM_30_PN,5,43,8,5,,07/01/2015,06/30/2018
SC,Payment for hip/knee replacement patients,PAYM_90_HIP_KNEE,21,10,10,12,,04/01/2015,03/31/2018
SD,Payment for heart attack patients,PAYM_30_AMI,0,6,2,29,,07/01/2015,06/30/2018
SD,Payment for heart failure patients,PAYM_30_HF,1,15,2,35,,07/01/2015,06/30/2018
SD,Payment for pneumonia patients,PAYM_30_PN,9,28,4,13,,07/01/2015,06/30/2018
SD,Payment for hip/knee replacement patients,PAYM_90_HIP_KNEE,8,4,3,4,,04/01/2015,03/31/2018
TN,Payment for heart attack patients,PAYM_30_AMI,4,45,2,49,,07/01/2015,06/30/2018
TN,Payment for heart failure patients,PAYM_30_HF,6,74,8,18,,07/01/2015,06/30/2018
TN,Payment for pneumonia patients,PAYM_30_PN,13,71,13,10,,07/01/2015,06/30/2018
TN,Payment for hip/knee replacement patients,PAYM_90_HIP_KNEE,33,10,10,15,,04/01/2015,03/31/2018
TX,Payment for heart attack patients,PAYM_30_AMI,3,150,29,114,,07/01/2015,06/30/2018
TX,Payment for heart failure patients,PAYM_30_HF,5,162,82,106,,07/01/2015,06/30/2018
TX,Payment for pneumonia patients,PAYM_30_PN,33,150,112,79,,07/01/2015,06/30/2018
TX,Payment for hip/knee replacement patients,PAYM_90_HIP_KNEE,32,77,107,54,,04/01/2015,03/31/2018
UT,Payment for heart attack patients,PAYM_30_AMI,1,13,0,20,,07/01/2015,06/30/2018
UT,Payment for heart failure patients,PAYM_30_HF,1,20,3,18,,07/01/2015,06/30/2018
UT,Payment for pneumonia patients,PAYM_30_PN,9,26,3,5,,07/01/2015,06/30/2018
UT,Payment for hip/knee replacement patients,PAYM_90_HIP_KNEE,8,13,12,3,,04/01/2015,03/31/2018
VA,Payment for heart attack patients,PAYM_30_AMI,9,47,3,20,,07/01/2015,06/30/2018
VA,Payment for heart failure patients,PAYM_30_HF,13,59,6,3,,07/01/2015,06/30/2018
VA,Payment for pneumonia patients,PAYM_30_PN,15,57,7,1,,07/01/2015,06/30/2018
VA,Payment for hip/knee replacement patients,PAYM_90_HIP_KNEE,29,18,14,9,,04/01/2015,03/31/2018
VI,Payment for heart attack patients,PAYM_30_AMI,Not Available,Not Available,Not Available,Not Available,5 - Results are not available for this reporting period.,07/01/2015,06/30/2018
VI,Payment for heart failure patients,PAYM_30_HF,Not Available,Not Available,Not Available,Not Available,5 - Results are not available for this reporting period.,07/01/2015,06/30/2018
VI,Payment for pneumonia patients,PAYM_30_PN,Not Available,Not Available,Not Available,Not Available,5 - Results are not available for this reporting period.,07/01/2015,06/30/2018
VI,Payment for hip/knee replacement patients,PAYM_90_HIP_KNEE,Not Available,Not Available,Not Available,Not Available,5 - Results are not available for this reporting period.,04/01/2015,03/31/2018
VT,Payment for heart attack patients,PAYM_30_AMI,0,8,0,5,,07/01/2015,06/30/2018
VT,Payment for heart failure patients,PAYM_30_HF,4,9,0,1,,07/01/2015,06/30/2018
VT,Payment for pneumonia patients,PAYM_30_PN,10,4,0,0,,07/01/2015,06/30/2018
VT,Payment for hip/knee replacement patients,PAYM_90_HIP_KNEE,4,7,0,1,,04/01/2015,03/31/2018
WA,Payment for heart attack patients,PAYM_30_AMI,5,38,0,40,,07/01/2015,06/30/2018
WA,Payment for heart failure patients,PAYM_30_HF,19,42,4,22,,07/01/2015,06/30/2018
WA,Payment for pneumonia patients,PAYM_30_PN,20,50,6,13,,07/01/2015,06/30/2018
WA,Payment for hip/knee replacement patients,PAYM_90_HIP_KNEE,43,12,0,7,,04/01/2015,03/31/2018
WI,Payment for heart attack patients,PAYM_30_AMI,2,47,0,67,,07/01/2015,06/30/2018
WI,Payment for heart failure patients,PAYM_30_HF,12,86,0,22,,07/01/2015,06/30/2018
WI,Payment for pneumonia patients,PAYM_30_PN,31,80,3,6,,07/01/2015,06/30/2018
WI,Payment for hip/knee replacement patients,PAYM_90_HIP_KNEE,52,30,0,21,,04/01/2015,03/31/2018
WV,Payment for heart attack patients,PAYM_30_AMI,2,20,2,24,,07/01/2015,06/30/2018
WV,Payment for heart failure patients,PAYM_30_HF,7,24,1,16,,07/01/2015,06/30/2018
WV,Payment for pneumonia patients,PAYM_30_PN,18,24,4,2,,07/01/2015,06/30/2018
WV,Payment for hip/knee replacement patients,PAYM_90_HIP_KNEE,10,8,7,7,,04/01/2015,03/31/2018
WY,Payment for heart attack patients,PAYM_30_AMI,0,4,0,17,,07/01/2015,06/30/2018
WY,Payment for heart failure patients,PAYM_30_HF,3,15,0,8,,07/01/2015,06/30/2018
WY,Payment for pneumonia patients,PAYM_30_PN,10,10,0,6,,07/01/2015,06/30/2018
WY,Payment for hip/knee replacement patients,PAYM_90_HIP_KNEE,9,3,3,3,,04/01/2015,03/31/2018
