"Measure Name","Measure ID","National payment","Number less than national payment","Number same as national payment","Number greater than national payment","Number of hospitals too few","Footnote","Measure Start Date","Measure End Date"
Payment for heart attack patients,PAYM_30_AMI,"$24,627",164,1887,195,1889,,07/01/2015,06/30/2018
Payment for heart failure patients,PAYM_30_HF,"$17,217",413,2531,562,1012,,07/01/2015,06/30/2018
Payment for pneumonia patients,PAYM_30_PN,"$17,858",878,2415,795,502,,07/01/2015,06/30/2018
Payment for hip/knee replacement patients,PAYM_90_HIP_KNEE,"$21,392",1082,1034,665,661,,04/01/2015,03/31/2018
