"Value of Care Measure Name","Value of Care Measure ID","Number of Hospitals","Measure Start Date","Measure End Date"
Value of Care for hip/knee replacement patients - Average complications & average payment,TOT_COMP_HIP_KNEE_AVERAGE_PAYM_90_HIP_KNEE_AVERAGE,1013,04/01/2015,03/31/2018
Value of Care for hip/knee replacement patients - Average complications & higher payment,TOT_COMP_HIP_KNEE_AVERAGE_PAYM_90_HIP_KNEE_HIGHER,625,04/01/2015,03/31/2018
Value of Care for hip/knee replacement patients - Average complications & lower payment,TOT_COMP_HIP_KNEE_AVERAGE_PAYM_90_HIP_KNEE_LOWER,1021,04/01/2015,03/31/2018
Value of Care for hip/knee replacement patients - Better complications & average payment,TOT_COMP_HIP_KNEE_BETTER_PAYM_90_HIP_KNEE_AVERAGE,10,04/01/2015,03/31/2018
Value of Care for hip/knee replacement patients - Better complications & higher payment,TOT_COMP_HIP_KNEE_BETTER_PAYM_90_HIP_KNEE_HIGHER,3,04/01/2015,03/31/2018
Value of Care for hip/knee replacement patients - Better complications & lower payment,TOT_COMP_HIP_KNEE_BETTER_PAYM_90_HIP_KNEE_LOWER,51,04/01/2015,03/31/2018
Number of hospitals containing at least 25 hip/knee replacement cases,TOT_COMP_HIP_KNEE_NUM_HOSPITALS,2781,04/01/2015,03/31/2018
Value of Care for hip/knee replacement patients - Worse complications & average payment,TOT_COMP_HIP_KNEE_WORSE_PAYM_90_HIP_KNEE_AVERAGE,11,04/01/2015,03/31/2018
Value of Care for hip/knee replacement patients - Worse complications & higher payment,TOT_COMP_HIP_KNEE_WORSE_PAYM_90_HIP_KNEE_HIGHER,37,04/01/2015,03/31/2018
Value of Care for hip/knee replacement patients - Worse complications & lower payment,TOT_COMP_HIP_KNEE_WORSE_PAYM_90_HIP_KNEE_LOWER,10,04/01/2015,03/31/2018
Value of Care for heart attack patients - Average mortality & average payment,TOT_MORT_30_AMI_AVERAGE_PAYM_30_AMI_AVERAGE,1854,07/01/2015,06/30/2018
Value of Care for heart attack patients - Average mortality & higher payment,TOT_MORT_30_AMI_AVERAGE_PAYM_30_AMI_HIGHER,188,07/01/2015,06/30/2018
Value of Care for heart attack patients - Average mortality & lower payment,TOT_MORT_30_AMI_AVERAGE_PAYM_30_AMI_LOWER,158,07/01/2015,06/30/2018
Value of Care for heart attack patients - Better mortality & average payment,TOT_MORT_30_AMI_BETTER_PAYM_30_AMI_AVERAGE,21,07/01/2015,06/30/2018
Value of Care for heart attack patients - Better mortality & higher payment,TOT_MORT_30_AMI_BETTER_PAYM_30_AMI_HIGHER,5,07/01/2015,06/30/2018
Value of Care for heart attack patients - Better mortality & lower payment,TOT_MORT_30_AMI_BETTER_PAYM_30_AMI_LOWER,6,07/01/2015,06/30/2018
Number of hospitals containing at least 25 heart attack cases,TOT_MORT_30_AMI_NUM_HOSPITALS,Not Available,07/01/2015,06/30/2018
Value of Care for heart attack patients - Worse mortality & average payment,TOT_MORT_30_AMI_WORSE_PAYM_30_AMI_AVERAGE,9,07/01/2015,06/30/2018
Value of Care for heart attack patients - Worse mortality & higher payment,TOT_MORT_30_AMI_WORSE_PAYM_30_AMI_HIGHER,2,07/01/2015,06/30/2018
Value of Care for heart attack patients - Worse mortality & lower payment,TOT_MORT_30_AMI_WORSE_PAYM_30_AMI_LOWER,0,07/01/2015,06/30/2018
Value of Care for heart failure patients - Average mortality & average payment,TOT_MORT_30_HF_AVERAGE_PAYM_30_HF_AVERAGE,2342,07/01/2015,06/30/2018
Value of Care for heart failure patients - Average mortality & higher payment,TOT_MORT_30_HF_AVERAGE_PAYM_30_HF_HIGHER,450,07/01/2015,06/30/2018
Value of Care for heart failure patients - Average mortality & lower payment,TOT_MORT_30_HF_AVERAGE_PAYM_30_HF_LOWER,363,07/01/2015,06/30/2018
Value of Care for heart failure patients - Better mortality & average payment,TOT_MORT_30_HF_BETTER_PAYM_30_HF_AVERAGE,93,07/01/2015,06/30/2018
Value of Care for heart failure patients - Better mortality & higher payment,TOT_MORT_30_HF_BETTER_PAYM_30_HF_HIGHER,87,07/01/2015,06/30/2018
Value of Care for heart failure patients - Better mortality & lower payment,TOT_MORT_30_HF_BETTER_PAYM_30_HF_LOWER,20,07/01/2015,06/30/2018
Number of hospitals containing at least 25 heart failure cases,TOT_MORT_30_HF_NUM_HOSPITALS,Not Available,07/01/2015,06/30/2018
Value of Care for heart failure patients - Worse mortality & average payment,TOT_MORT_30_HF_WORSE_PAYM_30_HF_AVERAGE,91,07/01/2015,06/30/2018
Value of Care for heart failure patients - Worse mortality & higher payment,TOT_MORT_30_HF_WORSE_PAYM_30_HF_HIGHER,25,07/01/2015,06/30/2018
Value of Care for heart failure patients - Worse mortality & lower payment,TOT_MORT_30_HF_WORSE_PAYM_30_HF_LOWER,30,07/01/2015,06/30/2018
Value of Care for pneumonia patients - Average mortality & average payment,TOT_MORT_30_PN_AVERAGE_PAYM_30_PN_AVERAGE,2193,07/01/2015,06/30/2018
Value of Care for pneumonia patients - Average mortality & higher payment,TOT_MORT_30_PN_AVERAGE_PAYM_30_PN_HIGHER,633,07/01/2015,06/30/2018
Value of Care for pneumonia patients - Average mortality & lower payment,TOT_MORT_30_PN_AVERAGE_PAYM_30_PN_LOWER,772,07/01/2015,06/30/2018
Value of Care for pneumonia patients - Better mortality & average payment,TOT_MORT_30_PN_BETTER_PAYM_30_PN_AVERAGE,88,07/01/2015,06/30/2018
Value of Care for pneumonia patients - Better mortality & higher payment,TOT_MORT_30_PN_BETTER_PAYM_30_PN_HIGHER,82,07/01/2015,06/30/2018
Value of Care for pneumonia patients - Better mortality & lower payment,TOT_MORT_30_PN_BETTER_PAYM_30_PN_LOWER,50,07/01/2015,06/30/2018
Number of hospitals containing at least 25 pneumonia cases,TOT_MORT_30_PN_NUM_HOSPITALS,Not Available,07/01/2015,06/30/2018
Value of Care for pneumonia patients - Worse mortality & average payment,TOT_MORT_30_PN_WORSE_PAYM_30_PN_AVERAGE,134,07/01/2015,06/30/2018
Value of Care for pneumonia patients - Worse mortality & higher payment,TOT_MORT_30_PN_WORSE_PAYM_30_PN_HIGHER,80,07/01/2015,06/30/2018
Value of Care for pneumonia patients - Worse mortality & lower payment,TOT_MORT_30_PN_WORSE_PAYM_30_PN_LOWER,56,07/01/2015,06/30/2018
