CMS Certification Number,Facility Name,Address,City,County,State,Zip,Telephone,Patients who reported that staff definitely gave care in a professional way and the facility was clean,Patients who reported that staff somewhat gave care in a professional way or the facility was somewhat clean,Patients who reported that staff did not give care in a professional way or the facility was not clean,Facilities and staff linear mean score,Patients who reported that staff definitely communicated about what to expect during and after the procedure,Patients who reported that staff somewhat communicated about what to expect during and after the procedure,Patients who reported that staff did not communicate about what to expect during and after the procedure,Communication about your procedure linear mean score,Patients who gave the facility a rating of 9 or 10 on a scale from 0 (lowest) to 10 (highest),Patients who gave the facility a rating of 7 or 8 on a scale from 0 (lowest) to 10 (highest),Patients who gave the facility a rating of 0 to 6 on a scale from 0 (lowest) to 10 (highest),Patients� rating of the facility linear mean score,Patients who reported YES they would DEFINITELY recommend the facility to family or friends.,Patients who reported PROBABLY YES they would recommend the facility to family or friends.,"Patients who reported NO, they would not recommend the facility to family or friends.",Patients recommending the facility linear mean score,Footnote,Number of Sampled Patients,Number of Completed Surveys,Survey Response Rate Percent,Measure Start Date,Measure End Date
01C0001020,MEDPLEX OUTPATIENT SURGERY CENTER LTD,4511 SOUTHLAKE PARKWAY,BIRMINGHAM,,AL,35244,2059854398,98,2,0,99,94,5,1,97,91,7,2,95,90,7,3,95,,1109,309,28,10/1/2017,9/30/2018
01C0001035,THE SURGERY CENTER LLC,1440 HWY DR,OXFORD,,AL,36203,2562412614,,,,,,,,,,,,,,,,,4,,,,,
01C0001042,GULF COAST SURGICAL PARTNERS LLC,"3715 DAUPHIN ST, STE. 503B",MOBILE,,AL,36608,2512724934,97,3,0,98,92,6,2,95,87,11,2,95,91,8,1,97,,1319,400,31,10/1/2017,9/30/2018
01C0001051,ALABAMA DIGESTIVE HEALTH ENDOSCOPY CENTER LLC,2010 BROOKWOOD MEDICAL CTR DR  G100,BIRMINGHAM,,AL,35209,2058771187,97,3,0,98,93,6,1,96,85,13,2,93,84,14,2,94,2,765,196,26,10/1/2017,9/30/2018
02C0001011,PROVIDENCE SURGERY CENTERS LLC,3831 PIPER ST. S110,ANCHORAGE,,AK,99508,9073397800,,,,,,,,,,,,,,,,,4,,,,,
03C0001016,SURGERY CENTER OF PEORIA LLC,13260 NORTH 94TH DR SUITE 200,PEORIA,,AZ,85381,6239332900,97,3,0,98,90,8,2,94,86,13,1,95,83,16,1,94,,1143,282,25,10/1/2017,9/30/2018
03C0001045,METRO SURGERY CENTER LP,3131 W. PEORIA AVE.,PHOENIX,,AZ,85029,6023751083,,,,,,,,,,,,,,,,,4,,,,,
03C0001052,WARNER PARK SURGERY CENTER LLC DBA CENTER FOR ADVANCE SURGERY,3367 SOUTH MERCY RD SUITE 101,GILBERT,,AZ,85297,4808992571,96,3,1,98,91,7,2,95,85,12,3,94,82,16,2,93,,1266,452,36,10/1/2017,9/30/2018
03C0001056,PHYSICIANS SURGERY CENTER OF TEMPE LLC DBA PHYSICIANS SURGERY CENTER OF TEMPE,2905 WEST WARNER RD SUITE 10,CHANDLER,,AZ,85282,4808207101,96,4,0,98,90,8,2,94,82,14,4,92,80,18,2,92,,1047,288,28,10/1/2017,9/30/2018
03C0001224,CANYON SURGERY CENTER,6036 N. 19TH AVE. STE. 100,PHOENIX,,AZ,85015,6025898000,,,,,,,,,,,,,,,,,4,,,,,
03C0001247,SURGERY CENTER OF SCOTTSDALE LLC DBA MOUNTAIN VIEW SURGERY CENTER OF SCOTTSDALE,8962 EAST DESERT COVE AVE SUITE 120A,SCOTTSDALE,,AZ,85260,4806615232,97,3,0,98,90,8,2,94,88,9,3,95,85,12,3,93,,1080,237,22,10/1/2017,9/30/2018
03C0001265,ST JOSEPH'S OUTPATIENT SURGERY CENTER LLC,240 W. THOMAS RD,PHOENIX,,AZ,85013,6024063552,96,3,1,98,89,9,2,93,86,10,4,94,83,14,3,93,,1315,302,23,10/1/2017,9/30/2018
03C0001279,CHANDLER ENDOSCOPY AMBULATORY SURGERY CENTER LLC DBA CHANDLER ENDOSCOPY CENTER,2095 WEST PECOS RD SUITE A1,CHANDLER,,AZ,85224,4802929795,97,3,0,98,93,5,2,95,92,6,2,96,89,10,1,96,,1141,345,30,10/1/2017,9/30/2018
03C0001286,DIGESTIVE HEALTH SPECIALISTS,"8573 EAST PRINCESS DR, SUITE 117",SCOTTSDALE,,AZ,85255,4805132455,99,1,0,99,92,6,2,95,93,6,1,97,92,7,1,97,2,2301,866,38,10/1/2017,9/30/2018
03C0001289,CARONDELET ST MARY'S NORTHWEST LLC,2220 W. ORANGE GROVE RD,TUCSON,,AZ,85741,5208775665,96,3,1,98,90,8,2,94,79,18,3,92,79,19,2,92,,1159,380,33,10/1/2017,9/30/2018
03C0001290,CAMP LOWELL SURGERY CENTER LLC DBA CAMP LOWELL SURGERY CENTER,4620 EAST CAMP LOWELL DR,TUCSON,,AZ,85712,5206186058,96,4,0,98,91,7,2,95,86,12,2,94,86,12,2,94,,1240,523,42,10/1/2017,9/30/2018
03C0001298,SURGICAL ELITE OF AVONDALE LLC,10815 WEST MCDOWELL RD SUITE 101,AVONDALE,,AZ,85392,6234330192,97,3,0,99,91,8,1,95,85,13,2,94,82,16,2,93,,1557,333,21,10/1/2017,9/30/2018
03C0001302,PINNACLE SURGERY CENTER OF PEORIA LLC,6790 W. THUNDERBIRD RD.,PEORIA,,AZ,85381,6239791717,97,3,0,98,91,7,2,95,89,10,1,95,84,15,1,94,,1473,364,25,10/1/2017,9/30/2018
03C0001305,DESERT RIDGE OUTPATIENT SURGERY LLC,20940 NORTH TATUM BLVD SUITE 100,PHOENIX,,AZ,85050,4805024020,97,2,1,98,90,8,2,94,91,6,3,95,86,11,3,94,,1054,357,34,10/1/2017,9/30/2018
03C0001356,SURGERY CENTER OF SCOTTSDALE LLC DBA MOUNTAIN VIEW SURGERY CENTER OF GLENDALE,18555 NORTH 79TH AVE BUILDING C,GLENDALE,,AZ,85308,6237762500,96,4,0,98,91,7,2,95,85,12,3,93,80,16,4,92,,1038,224,22,10/1/2017,9/30/2018
03C0001357,SURGERY CENTER OF SCOTTSDALE LLC DBA MOUNTAIN VIEW SURGERY CENTER OF GILBERT,2450 EAST GUADALUPE RD SUITE 101,GILBERT,,AZ,85234,4803988456,95,4,1,97,89,9,2,94,87,10,3,93,82,16,2,93,,1072,245,23,10/1/2017,9/30/2018
05C0001006,SAN GABRIEL VALLEY SURGICAL CENTER LP,1250 SOUTH SUNSET AVE SUITE 100,WEST COVINA,,CA,91790,6269606623,96,3,1,98,85,11,4,90,78,19,3,92,76,21,3,90,,1337,479,36,10/1/2017,9/30/2018
05C0001198,HEALTHCARE PARTNER AMBULATORY SURGERY CENTER,"2600 REDONDO AVE, SUITE 103",LONG BEACH,,CA,90806,5629887162,,,,,,,,,,,,,,,,,4,,,,,
05C0001205,NORTH ANAHEIM SURGERY CENTER LLC DBA UNITED PACIFIC SURGERY CENTER,1154 NORTH EUCLID ST,ANAHEIM,,CA,92801,7146356272,97,3,0,99,90,8,2,94,87,11,2,94,85,13,2,94,,1228,459,37,10/1/2017,9/30/2018
05C0001287,THE ENDOSCOPY CENTER,"870 SHASTA ST, SUITE 100",YUBA CITY,,CA,95991,5306713671,95,4,1,97,85,11,4,91,80,16,4,93,83,14,3,93,,2222,460,21,10/1/2017,9/30/2018
05C0001321,EL MIRADOR SURGICAL CENTER,1180 N. INDIAN CANYON #110,PALM SPRINGS,,CA,92262,4698936573,95,4,1,97,85,11,4,90,85,11,4,93,84,13,3,94,,998,345,35,10/1/2017,9/30/2018
05C0001447,COAST SURGERY CENTER LP,3445 PACIFIC COAST HWY SUITE 110,TORRANCE,,CA,90505,3103254555,95,4,1,97,87,10,3,92,85,12,3,94,82,17,1,94,,918,248,27,10/1/2017,9/30/2018
05C0001453,CHICO SURGERY CENTER LP,615 WEST EAST AVE,CHICO,,CA,95926,5308951800,94,5,1,97,88,9,3,93,81,14,5,93,81,15,4,92,,866,292,34,10/1/2017,9/30/2018
05C0001481,PAIN DIAGNOSTIC AND TREATMENT CENTER LP,2805 J ST SUITE 200,SACRAMENTO,,CA,95816,9162318755,97,3,0,99,90,8,2,94,85,13,2,94,84,15,1,94,,1024,283,28,10/1/2017,9/30/2018
05C0001493,NORTH STATE SURGERY CENTERS LP DBA CT ST SURGERY CENTER,2184 CT ST,REDDING,,CA,96001,5302257417,97,3,0,99,89,8,3,93,85,13,2,93,85,13,2,94,2,1501,547,36,10/1/2017,9/30/2018
05C0001505,MAGNOLIA SURGERY CENTER LP DBA MAGNOLIA SURGERY CENTER,14571 MAGNOLIA ST SUITE 107,WESTMINSTER,,CA,92683,7149039039,94,5,1,97,88,8,4,92,68,25,7,88,71,24,5,88,,1257,276,22,10/1/2017,9/30/2018
05C0001508,AMBULATORY SURGERY CENTER OF STOCKTON,2388 N. CALIFORNIA ST.,STOCKTON,,CA,95204,2099449100,98,2,0,99,91,7,2,95,94,5,1,97,91,7,2,96,,1306,491,38,10/1/2017,9/30/2018
05C0001515,SEQUOIA SURGICAL PAVILION,"2405 SHADELANDS DR, SUITE 200",WALNUT CREEK,,CA,94598,9252803814,97,3,0,99,90,8,2,94,90,8,2,95,88,9,3,94,,1292,444,34,10/1/2017,9/30/2018
05C0001529,SANTA BARBARA SURGERY CENTER LP,3045 DE LA VINA ST,SANTA BARBARA,,CA,93105,8055693226,,,,,,,,,,,,,,,,,4,,,,,
05C0001534,FOLSOM OUTPATIENT SURGERY CENTER LP DBA FOLSOM SURGERY CENTER,1651 CREEKSIDE DR SUITE 100,FOLSOM,,CA,95630,9166731990,97,3,0,98,93,6,1,96,88,11,1,95,88,11,1,95,,1109,348,31,10/1/2017,9/30/2018
05C0001558,PACIFIC ENDO-SURGICAL CENTER LP,3445 PACIFIC COAST HWY SUITE 120,TORRANCE,,CA,90505,3103261666,94,5,1,97,86,10,4,91,78,18,4,91,72,23,5,88,,1259,395,31,10/1/2017,9/30/2018
05C0001571,UNIVERSITY SURGERY CENTER,1390 E. YOSEMITE AVE. STE. B,MERCED,,CA,95340,2095803409,,,,,,,,,,,,,,,,,4,,,,,
05C0001572,ROSEVILLE SURGERY CENTER LP,1420 E. ROSEVILLE PKWY # 100,ROSEVILLE,,CA,95661,9166772488,97,3,0,98,92,7,1,95,86,12,2,94,82,16,2,93,,1261,392,31,10/1/2017,9/30/2018
05C0001596,TRESANTI SURGICAL CENTER LLC,"5201 NORRIS CANYON RD., # 100",SAN RAMON,,CA,94583,9259730605,99,1,0,99,92,7,1,95,93,6,1,97,91,8,1,96,,1309,388,30,10/1/2017,9/30/2018
05C0001643,NORTH STATE SURGERY CENTERS LP DBA MERCY SURGERY CENTER,2175 ROSALINE AVE SUITE A,REDDING,,CA,96001,5302257417,97,2,1,98,91,7,2,95,90,9,1,95,88,10,2,95,,1090,434,40,10/1/2017,9/30/2018
05C0001663,SKYWAY SURGERY CENTER LLC,121 RALEY BLVD,CHICO,,CA,95928,5302302007,98,1,1,99,89,9,2,94,89,9,2,95,88,10,2,95,,1053,460,44,10/1/2017,9/30/2018
05C0001711,ST JOSEPH'S SURGERY CENTER LP,1800 NORTH CALIFORNIA ST SUITE 1,STOCKTON,,CA,95204,2094676316,97,3,0,98,90,8,2,94,86,12,2,94,87,12,1,95,,1112,263,24,10/1/2017,9/30/2018
05C0001719,SCRIPPS HEALTH,3811 VALLEY CENTRE DR.,SAN DIEGO,,CA,92130,8586786955,98,2,0,99,95,4,1,97,95,4,1,97,94,6,0,98,2,939,307,33,10/1/2017,9/30/2018
05C0001750,REAGAN ST SURGERY CENTER LLC,10904 REAGAN ST,LOS ALAMITOS,,CA,90720,5625963140,96,4,0,98,87,10,3,92,83,14,3,93,81,17,2,93,,1261,416,33,10/1/2017,9/30/2018
05C0001756,ENCINITAS ENDOSCOPY CENTER LLC,"700 GARDEN VIEW CRT, STE. 101",ENCINITAS,,CA,92024,7602742700,97,3,0,98,90,8,2,94,89,10,1,95,87,12,1,95,,1015,326,32,10/1/2017,9/30/2018
05C0001757,GRASS VALLEY OUTPATIENT SURGERY CENTER LP DBA GRASS VALLEY SURGERY CENTER,408 SIERRA COLLEGE DR,GRASS VALLEY,,CA,95945,5302712282,98,2,0,99,88,10,2,93,87,11,2,94,88,11,1,95,,900,343,38,10/1/2017,9/30/2018
05C0001764,COAST SURGERY CENTER LP,3445 PACIFIC COAST HWY #110,TORRANCE,,CA,90505,3103254555,98,2,0,99,90,9,1,94,89,10,1,96,85,13,2,94,,1172,349,30,10/1/2017,9/30/2018
05C0001778,BRENTWOOD SURGERY CENTER LLC,2400 BALFOUR RD. STE. 320,BRENTWOOD,,CA,94513,9252402059,97,3,0,98,90,8,2,94,90,8,2,95,90,7,3,95,,1162,391,34,10/1/2017,9/30/2018
05C0001803,PACIFIC ENDOSCOPY AND SURGERY CENTER LLC,17815 NEWHOPE ST SUITE R,FOUNTAIN VALLEY,,CA,92708,7144328881,96,3,1,98,92,6,2,95,86,11,3,94,85,10,5,92,,1470,286,19,10/1/2017,9/30/2018
05C0001830,ASPEN SURGERY CENTER LLC,"133 LA CASA VIA, STE. 150",WALNUT CREEK,,CA,94598,9252108415,97,3,0,98,92,7,1,95,84,15,1,94,88,10,2,95,,1416,439,31,10/1/2017,9/30/2018
05C0001840,OASIS SURGERY CENTER LP,815 AUTO CENTER DR.,PALMDALE,,CA,93551,6612066262,96,3,1,97,88,8,4,92,88,10,2,95,90,8,2,96,,1557,343,22,10/1/2017,9/30/2018
05C0001842,SCRIPPS ENCINITAS SURGERY CENTER LLC,320 SANTA FE DR  SUITE LL2,ENCINITAS,,CA,92024,7606323900,98,2,0,99,92,7,1,95,87,11,2,95,87,11,2,95,,1159,422,36,10/1/2017,9/30/2018
05C0001860,TALBERT SURGICAL ASSOCIATES,"7677 CENTER AVE, # 104",HUNTINGTON BEACH,,CA,92647,7148818722,,,,,,,,,,,,,,,,,4,,,,,
05C0001863,HACIENDA OUTPATIENT SURGERY CENTER LLC DBA HACIENDA SURGERY CENTER,4626 WILLOW RD SUITE 100,PLEASANTON,,CA,94588,9257346744,97,3,0,99,90,9,1,94,86,13,1,95,85,14,1,95,,1100,354,32,10/1/2017,9/30/2018
05C0001867,SPECIALTY SURGERY OF FOUNTAIN VALLEY,11190 WARNER AVE.,FOUNTAIN VALLEY,,CA,92708,7143381650,97,2,1,98,90,8,2,94,85,11,4,94,82,14,4,92,,1384,303,22,10/1/2017,9/30/2018
05C0001879,SCRIPPS HEALTH,15004 INNOVATION DR.,SAN DIEGO,,CA,92128,8586786955,98,2,0,99,91,8,1,95,90,9,1,96,90,7,3,95,2,952,302,32,10/1/2017,9/30/2018
05C0001975,HUNTINGTON AMBULATORY SURGERY CENTER LLC,"625 S. FAIR OAKS AVE, SUITE 380",PASADENA,,CA,91105,6262298990,97,3,0,98,90,8,2,94,87,12,1,95,89,10,1,96,,1388,449,32,10/1/2017,9/30/2018
05C0002058,UC REGENTS UCLA DEPT OF MEDICINE PROFESSIONAL GROUP,25775 WEST MCBEAN PARKWAY SUITE 115,LOS ANGELES,,CA,90095,6612537956,96,3,1,97,91,7,2,94,82,15,3,93,83,14,3,93,,1708,489,29,10/1/2017,9/30/2018
06C0001058,GOLDEN RIDGE SURGERY CENTER LLC,"660 GOLDEN RIDGE RD., STE. 110",GOLDEN,,CO,80401,3039631507,,,,,,,,,,,,,,,,,4,,,,,
06C0001079,SUMMIT VIEW SURGERY CENTER LLC,7730 SOUTH  BROADWAY,LITTLETON,,CO,80122,3037302376,95,4,1,97,90,8,2,94,85,10,5,93,82,15,3,93,,1230,380,31,10/1/2017,9/30/2018
06C0001080,FLATIRONS SURGERY CENTER LLC,70 HEALTH PARK DR,LOUISVILLE,,CO,80027,7208902721,98,2,0,99,90,9,1,94,90,8,2,95,87,12,1,95,,1222,349,29,10/1/2017,9/30/2018
06C0001085,CROWN POINT SURGERY CENTER LLC,9397 CROWN CREST BLVD,PARKER,,CO,80138,7209746499,98,2,0,99,92,7,1,95,89,10,1,95,90,10,0,96,,1008,292,29,10/1/2017,9/30/2018
06C0001102,NORTHWEST REGIONAL ASC LLC,10170 CHURCH RANCH WAY STE. 110,WESTMINSTER,,CO,80021,3033284400,97,2,1,98,89,9,2,94,89,9,2,94,87,10,3,95,,530,150,28,10/1/2017,9/30/2018
06C0001110,HARVARD PARK SURGERY CENTER LLC,1000 E. HARVARD AVE.,DENVER,,CO,80210,3037785816,97,3,0,98,90,8,2,94,83,15,2,93,82,16,2,93,,1277,458,36,10/1/2017,9/30/2018
06C0001133,GREENWOOD ASC LLC DBA COLORADO PREMIER SURGERY CENTER AT GREENWOOD VILLAGE,7447 EAST BERRY AVE SUITE 100,GREENWOOD VILLAGE,,CO,80111,7204934115,97,2,1,98,91,7,2,94,85,11,4,93,83,14,3,93,,1422,343,24,10/1/2017,9/30/2018
07C0001024,FAIRFIELD SURGERY CENTER LLC,75 KINGS HWY CUTOFF,FAIRFIELD,,CT,6824,2033372660,98,2,0,99,91,7,2,95,92,7,1,96,89,8,3,95,2,1101,310,28,10/1/2017,9/30/2018
07C0001048,NORTH HAVEN SURGERY CENTER LLC,52 WASHINGTON AVE SUITE 1,NORTH HAVEN,,CT,6473,2032347727,98,2,0,99,90,8,2,94,87,12,1,95,86,13,1,95,,1245,327,26,10/1/2017,9/30/2018
09C0001001,MEDSTAR SURGERY CENTER AT LAFAYETTE CENTRE LLC,"1145  19TH ST N.W., SUITE 850",WASHINGTON,,DC,20036,2022239040,97,2,1,98,92,7,1,95,89,9,2,95,83,15,2,93,,1693,392,23,10/1/2017,9/30/2018
10C0001025,SURGERY CENTER AT UNIVERSITY PARK LLC DBA PREMIER SURGERY CENTER OF SARASOTA,983 SOUTH BENEVA RD,SARASOTA,,FL,34232,9413655355,95,4,1,97,89,9,2,94,84,13,3,93,82,14,4,92,,1115,467,42,10/1/2017,9/30/2018
10C0001203,UNIVERSITY SURGERY CENTER LTD,7251 UNIVERSITY BLVD SUITE 100,WINTER PARK,,FL,32792,4076770066,96,4,0,98,94,5,1,97,91,8,1,96,89,10,1,96,,1334,342,26,10/1/2017,9/30/2018
10C0001214,THE OUTPATIENT CENTER OF BOYNTON BEACH,2351 SOUTH SEACREST BLVD,BOYNTON BEACH,,FL,33435,5617325900,95,5,0,97,87,9,4,91,82,15,3,93,82,15,3,92,,1250,365,29,10/1/2017,9/30/2018
10C0001293,WINTER HAVEN AMBULATORY SURGICAL CENTER LLC,325 AVE B NW,WINTER HAVEN,,FL,33881,4698936573,97,3,0,98,88,9,3,93,86,13,1,94,87,12,1,95,,1357,441,32,10/1/2017,9/30/2018
10C0001302,TAMARAC SURGERY CENTER LLC DBA THE SURGERY CENTER OF FT LAUDERDALE,4485 NORTH STATE RD 7,LAUDERDALE LAKES,,FL,33319,9547350096,95,4,1,97,88,8,4,92,79,15,6,90,80,14,6,90,,1013,247,24,10/1/2017,9/30/2018
10C0001313,MELBOURNE SAME DAY SURGERY,1035 SOUTH APOLLO BLVD,MELBOURNE,,FL,32901,3214343581,,,,,,,,,,,,,,,,,4,,,,,
10C0001332,LASER AND SURGERY CENTER OF THE PALM BEACHES,3602 KYOTO GARDENS DR,PALM BEACH GARDENS,,FL,33410,5617993388,97,3,0,98,88,9,3,92,87,11,2,94,86,12,2,94,,1320,489,37,10/1/2017,9/30/2018
10C0001354,SURGERY CENTER OF SOUTHWEST FLORIDA INC,12631 WHITEHALL DR,FORT MYERS,,FL,33907,2397720500,,,,,,,,,,,,,,,,,4,,,,,
10C0001362,DESTIN SURGERY CENTER LLC,4485 FURLING LANE,DESTIN,,FL,32541,8506507606,98,2,0,99,94,5,1,97,91,7,2,96,91,8,1,96,,1255,480,38,10/1/2017,9/30/2018
10C0001363,DOCTORS GI PARTNERSHIP LTD,1051 SOUTH HICKORY ST,MELBOURNE,,FL,32901,3214343581,,,,,,,,,,,,,,,,,4,,,,,
10C0001377,OPHTHALMOLOGY SURGERY CENTER OF ORLANDO LLC DBA ORLANDO OPHTHALMOLOGY SURGERY CENTER,105 BONNIE LOCH CT,ORLANDO,,FL,32806,4074280040,94,5,1,97,90,8,2,94,80,17,3,92,80,18,2,93,,1082,444,41,10/1/2017,9/30/2018
10C0001418,THE SURGERY CENTER AT JENSEN BEACH LLC,3995 NW GOLDENROD RD,JENSEN BEACH,,FL,34957,7724970020,96,4,0,98,88,9,3,92,85,13,2,94,84,15,1,94,,1284,558,43,10/1/2017,9/30/2018
10C0001428,SOUTH FLORIDA AMBULATORY SURGICAL CENTER LLC,6110 SOUTHWEST 70TH ST,SOUTH MIAMI,,FL,33143,3056623100,95,4,1,97,90,7,3,94,86,10,4,94,82,15,3,93,,1159,289,25,10/1/2017,9/30/2018
10C0001461,UNIVERSITY INTERVENTIONAL CENTER,5102 NORTH DAVIS HWY,PENSACOLA,,FL,32503,8505494960,94,5,1,97,92,6,2,95,81,17,2,93,89,10,1,96,,1205,360,30,10/1/2017,9/30/2018
10C0001474,MURDOCK SURGERY CENTER,1400 EDUCATION WAY,PORT CHARLOTTE,,FL,33948,4698936573,96,4,0,98,85,11,4,90,82,15,3,93,84,14,2,94,,1263,576,46,10/1/2017,9/30/2018
10C0001505,LAKE ENDOSCOPY CENTER,17355 S.E. 109TH TERRACE RD,SUMMERFIELD,,FL,34491,3522450846,98,2,0,99,93,5,2,96,90,9,1,96,91,8,1,96,2,1094,623,57,10/1/2017,9/30/2018
10C0001512,TLC ASC LLC DBA TLC OUTPATIENT SURGERY AND LASER CENTER,201 WEST GUAVA ST,LADY LAKE,,FL,32159,3523915875,97,2,1,98,88,9,3,93,84,14,2,93,82,16,2,93,,1338,708,53,10/1/2017,9/30/2018
10C0001521,RIVERWALK AMBULATORY SURGERY CENTER LLC,200 3RD AVE WEST SUITE 170,BRADENTON,,FL,34205,9412163969,,,,,,,,,,,,,,,,,4,,,,,
10C0001525,UNIVERSITY MEDICAL SERVICE ASSOCIATION INC DBA USF HEALTH ENDOSCOPY AND SURGERY CENTER,13330 USF LAUREL DR 2ND FLOOR,TAMPA,,FL,33612,8139740033,,,,,,,,,,,,,,,,,4,,,,,
10C0001528,CORAL RIDGE OUTPATIENT CENTER LLC,5301 NORTH DIXIE HWY.,OAKLAND PARK,,FL,33334,9548323300,95,4,1,97,91,6,3,94,86,11,3,94,86,12,2,94,,1297,407,31,10/1/2017,9/30/2018
10C0001539,SURGERY CENTER OF PEMBROKE PINES LLC DBA BROWARD SPECIALTY SURGICAL CENTER,7261 SHERIDAN ST SUITE 100A,HOLLYWOOD,,FL,33024,9543224222,98,2,0,99,90,8,2,94,89,10,1,95,89,10,1,96,,1344,287,21,10/1/2017,9/30/2018
10C0001545,SURGICARE OF MIRAMAR LLC,14601 SOUTHWEST 29TH ST SUITE 301,MIRAMAR,,FL,33027,9542663807,98,2,0,99,90,8,2,94,90,9,1,96,87,10,3,94,,1307,284,22,10/1/2017,9/30/2018
10C0001549,TITUSVILLE CENTER FOR SURGICAL EXCELLENCE LLC,814 SOUTH WASHIGNTON AVE,TITUSVILLE,,FL,32796,3215676300,98,2,0,99,93,6,1,96,93,6,1,96,92,6,2,97,,1352,651,48,10/1/2017,9/30/2018
10C0001571,SURGERY CENTRE OF SW FLORIDA LLC,665 DEL PRADO BLVD S.,CAPE CORAL,,FL,33990,2397723636,97,3,0,99,92,6,2,95,88,11,1,95,85,14,1,95,,1227,530,43,10/1/2017,9/30/2018
10C0001576,THE OUTPATIENT CENTER OF DELRAY,4675 LINTON BLVD STE 101,DELRAY BEACH,,FL,33445,5614999585,95,4,1,97,92,6,2,95,87,10,3,94,86,12,2,94,,1333,471,35,10/1/2017,9/30/2018
11C0001006,EMORY HEALTHCARE,"1365 CLIFTON RD, NE SUITE BT200",ATLANTA,,GA,30322,4047783348,98,2,0,99,92,6,2,95,90,8,2,95,87,11,2,95,,2140,355,17,10/1/2017,9/30/2018
11C0001012,GWINNETT ADVANCED SURGERY CENTER LLC,2131 FOUNTAIN DR,SNELLVILLE,,GA,30078,6788237496,,,,,,,,,,,,,,,,,4,,,,,
11C0001049,RESURGENS SURGERY CENTER LLC,5671 PEACHTREE DUNWOODY RD SUITE 800,ATLANTA,,GA,30342,4045318522,98,2,0,99,93,5,2,96,90,8,2,95,87,9,4,93,,1102,303,27,10/1/2017,9/30/2018
11C0001056,THE ENDOSCOPY CENTER OF SOUTHEAST GEORGIA INC,200 MAPLE DR,VIDALIA,,GA,30474,9125381003,98,2,0,99,96,3,1,98,93,6,1,97,96,3,1,98,,752,233,31,10/1/2017,9/30/2018
11C0001085,NORTHWEST GEORGIA ORTHOPAEDIC SURGERY CENTER LLC,2550 WINDY HILL RD SOUTHEAST SUITE 218,MARIETTA,,GA,30067,7709538058,98,2,0,99,92,7,1,96,85,14,1,94,84,15,1,94,,1287,294,23,10/1/2017,9/30/2018
11C0001164,OPTIM SURGERY CENTER,210 EAST DERENNE AVE.,SAVANNAH,,GA,31405,9126445300,96,4,0,98,90,8,2,94,88,10,2,95,87,11,2,95,,1576,457,29,10/1/2017,9/30/2018
11C0001177,EAST WEST SURGERY CENTER LP,2041 MESA VALLEY WAY SUITE 125,AUSTELL,,GA,30106,6783098100,97,3,0,99,92,7,1,96,90,10,0,96,89,9,2,95,,1032,281,27,10/1/2017,9/30/2018
11C0001182,ROSWELL SURGERY CENTER LLC,1285 HEMBREE RD SUITE 200C,ROSWELL,,GA,30076,7707725520,99,1,0,100,93,6,1,96,91,8,1,96,89,11,0,96,,1298,357,28,10/1/2017,9/30/2018
11C0001192,LAWRENCEVILLE SURGERY CENTER LLC,758 OLD NORCROSS RD. STE. 125,LAWRENCEVILLE,,GA,30046,6789870820,98,2,0,99,93,6,1,96,90,9,1,96,89,10,1,96,,1166,326,28,10/1/2017,9/30/2018
11C0001205,HAMILTON AMBULATORY SURGERY CENTER,1250  BROADRICK DR,DALTON,,GA,30720,7068765000,,,,,,,,,,,,,,,,,4,,,,,
11C0001234,ORTHOPEDIC SOUTH SURGICAL PARTNERS LLC,6645 LAKE DR,MORROW,,GA,30260,6784224230,99,1,0,99,93,6,1,96,90,9,1,96,87,12,1,95,,971,254,26,10/1/2017,9/30/2018
11C0001258,THOMAS EYE SURGERY CENTER LLC,5995 BARFIELD RD,SANDY SPRINGS,,GA,30328,6787817388,,,,,,,,,,,,,,,,,4,,,,,
11C0001278,NORTHSIDE DUNWOODY SURGERY CENTER,"4553 N. SHALLOWFORD RD, #60",ATLANTA,,GA,30338,7704551983,,,,,,,,,,,,,,,,,4,,,,,
11C0001279,SURGICAL CENTER FOR UROLOGY LLC,290 COUNTRY CLUB DR SUITE 240,STOCKBRIDGE,,GA,30281,6785651806,,,,,,,,,,,,,,,,,4,,,,,
11C0001307,ORTHOATLANTA SURGERY CENTER OF FAYETTEVILLE LLC,"1265 W. HWY 54, STE. 103",FAYETTEVILLE,,GA,30214,6782160771,,,,,,,,,,,,,,,,,4,,,,,
11C0001362,ORTHOATLANTA SURGERY CENTER OF AUSTELL LLC,3672 MARATHON CIR STE 120,AUSTELL,,GA,30106,6789458551,,,,,,,,,,,,,,,,,4,,,,,
11C0001370,GEORGIA SPINE SURGERY CENTER LLC DBA GNS SURGERY CENTER,1061 DOWDY RD SUITE 103,ATHENS,,GA,30606,7065439222,,,,,,,,,,,,,,,,,4,,,,,
11C0001383,HUGHSTON SURGICAL CENTER LLC,6262 VETERANS PKWY UNIT. B,COLUMBUS,,GA,31909,7064943434,95,4,1,97,90,9,1,94,88,11,1,96,93,6,1,97,,1254,463,37,10/1/2017,9/30/2018
11C0001460,RESURGENS EAST SURGERY CENTER LLC,3241 IRIS DR SUITE 100,COVINGTON,,GA,30016,6787127624,99,1,0,99,95,4,1,97,93,6,1,97,90,9,1,96,,1010,273,27,10/1/2017,9/30/2018
11C0001472,RESURGENS FAYETTE SURGERY CENTER LLC,1336 HWY 54 WEST BUILDING 400 SUITE A,FAYETTEVILLE,,GA,30214,6782510200,,,,,,,,,,,,,,,,,4,,,,,
14C0001007,HINSDALE SURGICAL CENTER LLC,10 SALT CREEK LANE,HINSDALE,,IL,60521,6307067147,97,3,0,98,89,8,3,93,86,12,2,94,84,14,2,94,,1232,463,38,10/1/2017,9/30/2018
14C0001027,25 EAST SAME DAY SURGERY LLC,2 EAST WASHINGTON ST SUITE 300,CHICAGO,,IL,60602,3127263329,97,3,0,98,90,8,2,94,80,17,3,92,78,19,3,91,,1303,313,24,10/1/2017,9/30/2018
14C0001030,RIVER NORTH SAME DAY SURGERY LLC,1 EAST ERIE ST SUITE 300,CHICAGO,,IL,60611,3126499706,96,3,1,98,92,7,1,95,86,11,3,94,83,15,2,93,,1171,265,23,10/1/2017,9/30/2018
14C0001041,NORTH SHORE SAME DAY SURGERY DBA NORTH SHORE SURGICAL CENTER,3427 WEST TOUHY AVE,LINCOLNWOOD,,IL,60712,8473247770,97,3,0,99,91,7,2,94,82,16,2,93,79,19,2,92,,1277,454,36,10/1/2017,9/30/2018
14C0001059,ROCKFORD GASTROENTEROLOGY ASSOCIATES LTD,401 ROXBURY RD,ROCKFORD,,IL,61107,8154847930,96,4,0,98,85,12,3,91,83,15,2,94,89,9,2,95,,1139,272,24,10/1/2017,9/30/2018
14C0001074,EFFINGHAM SURGICAL PARTNERS LLC,904 W. TEMPLE AVE.,EFFINGHAM,,IL,62401,2173421234,99,1,0,99,95,4,1,97,95,4,1,97,94,5,1,98,,1314,683,52,10/1/2017,9/30/2018
14C0001076,CARLE SURGICENTER,1702 SOUTH MATTIS AVE SUITE 120,CHAMPAIGN,,IL,61821,2173268513,96,4,0,98,90,10,0,95,89,8,3,95,87,12,1,95,,407,111,27,10/1/2017,9/30/2018
14C0001095,CASTLE SURGICENTER LLC,2111 OGDEN AVE,AURORA,,IL,60504,6309783806,,,,,,,,,,,,,,,,,4,,,,,
14C0001148,UNITED SHOCKWAVE SERVICES LTD,120 N. LAGRANGE RD,ROSEMONT,,IL,60525,8475445959,,,,,,,,,,,,,,,,,4,,,,,
14C0001157,PHYSICIANS SURGERY CENTER AT GOOD SAMARITAN LLC,"2 GOOD SAMARITAN WAY, STE. 200",MOUNT VERNON,,IL,62864,6188995703,98,2,0,99,89,9,2,94,85,14,1,94,80,19,1,93,,1021,360,35,10/1/2017,9/30/2018
14C0001172,SILVER CROSS SURGERY CENTER,1003 PAWLAK PARKWAY,NEW LENOX,,IL,60451,8157171740,,,,,,,,,,,,,,,,,4,,,,,
15C0001058,THE ENDOSCOPY CENTER AT ST FRANCIS LLC,8051 SOUTH EMERSON AVE,INDIANAPOLIS,,IN,46237,3178574026,97,3,0,98,91,7,2,94,85,13,2,94,89,10,1,96,,2727,553,21,10/1/2017,9/30/2018
15C0001158,TERRE HAUTE SURGICAL CENTER LLC,227 EAST MCCALLISTER DR,TERRE HAUTE,,IN,47802,8122344315,98,2,0,99,94,5,1,96,90,9,1,96,90,10,0,96,,974,421,43,10/1/2017,9/30/2018
15C0001169,INDIANA SPECIALTY SURGERY CENTER LLC,1380 W ARCH HAVEN AVE,BLOOMINGTON,,IN,47403,8123301164,98,2,0,99,92,7,1,95,93,6,1,96,91,8,1,97,,1176,464,39,10/1/2017,9/30/2018
16C0001016,SURGERY CENTER CEDAR RAPIDS,1075 1ST AVE. SE,CEDAR RAPIDS,,IA,52402,3195584803,97,3,0,98,90,8,2,94,85,13,2,94,83,16,1,94,,1340,507,38,10/1/2017,9/30/2018
19C0001010,EYE CARE SURGERY CENTER INC,10423 OLD HAMMOND HWY,BATON ROUGE,,LA,70816,2259230960,94,5,1,97,88,9,3,92,79,15,6,92,84,13,3,94,,1026,352,35,10/1/2017,9/30/2018
19C0001053,METAIRIE OPHTHALMOLOGY ASC LLC,3900 VETERANS BLVD. #100,METAIRIE,,LA,70002,5044551550,97,2,1,98,90,8,2,94,86,11,3,94,89,9,2,96,,1009,340,34,10/1/2017,9/30/2018
19C0001085,LAKE AMBULATORY SURGERY CTR,7145 PERKINS RD,BATON ROUGE,,LA,70808,2254085548,99,1,0,99,94,5,1,96,92,7,1,96,91,7,2,96,,1259,316,25,10/1/2017,9/30/2018
19C0001092,ADVANCED SURGICAL CONCEPTS LLC,9118 BLUEBONNET CENTRE BLVD.,BATON ROUGE,,LA,70809,2253682330,99,1,0,100,93,5,2,96,87,13,0,95,87,12,1,95,,1062,239,23,10/1/2017,9/30/2018
19C0001106,ORTHOPEDIC SURGERY CENTER LLC,7301 HENNESY BLVD STE 100,BATON ROUGE,,LA,70808,2257660050,,,,,,,,,,,,,,,,,4,,,,,
19C0001109,CHRISTUS CABRINI SURGERY CENTER LLC,3436 MASONIC DR.,ALEXANDRIA,,LA,71301,3184276500,98,2,0,99,92,7,1,95,90,9,1,96,90,9,1,96,,1012,302,30,10/1/2017,9/30/2018
19C0001113,PONTCHARTRAIN SURGERY CENTER LLC,"4407 HWY 190 SERVICE RD, EAST STE.",COVINGTON,,LA,70433,9852349700,98,2,0,99,93,6,1,96,88,11,1,95,89,9,2,95,,1176,393,33,10/1/2017,9/30/2018
19C0001133,OIL CENTER SURGICAL PLAZA,"1000 W. PINHOOK RD, SUITE 204",LAFAYETTE,,LA,70503,3372898216,99,1,0,99,94,5,1,97,93,6,1,97,91,8,1,97,,1500,661,44,10/1/2017,9/30/2018
20C0001012,INTERMED PA DBA GENERATIONS,84 MARGINAL WAY SUITE 1000,PORTLAND,,ME,4101,2073472898,98,1,1,99,89,9,2,93,91,7,2,95,87,11,2,95,,1145,356,31,10/1/2017,9/30/2018
21C0001590,DIALYSIS ACCESS SERVICES,1589 SULPHUR SPRING RD,BALTIMORE,,MD,21227,4105365400,98,2,0,99,89,8,3,93,89,10,1,96,84,13,3,93,,572,112,20,10/1/2017,9/30/2018
21C0001594,DIALYSIS ACCESS SERVICES,2405 YORK RD SUITE 100,TIMONIUM,,MD,21093,4105365400,,,,,,,,,,,,,,,,,4,,,,,
22C0001011,ARC WORCESTER CENTER LP,300 GROVE ST,WORCESTER,,MA,1605,5087540700,96,4,0,98,92,6,2,95,84,14,2,94,86,13,1,95,,1219,446,37,10/1/2017,9/30/2018
22C0001077,CAPE COD SURGERY CENTER,160 FALMOUTH RD,MASHPEE,,MA,2649,5088625116,98,2,0,99,94,5,1,97,87,9,4,94,90,6,4,95,3,107,45,42,10/1/2017,9/30/2018
23C0001020,SURGICAL CARE CENTER OF MICHIGAN,750 EAST BELTLINE NE,GRAND RAPIDS,,MI,49525,6165886520,96,4,0,98,88,9,3,93,90,7,3,94,90,8,2,96,,1360,341,26,10/1/2017,9/30/2018
23C0001027,LAKE LANSING ASC PARTNERS LLC,1707 LAKE LANSING RD,LANSING,,MI,48912,5177083363,97,3,0,99,90,8,2,94,89,10,1,95,88,11,1,96,,1276,571,45,10/1/2017,9/30/2018
23C0001031,GENESIS SURGERY CENTER,3400 E JOLLY RD,LANSING,,MI,48910,5172721063,97,3,0,98,92,7,1,95,89,10,1,95,87,12,1,95,,1152,596,52,10/1/2017,9/30/2018
23C0001050,NORTHWEST MICHIGAN SURGERY CENTER LLC,4100 PARK FOREST DR,TRAVERSE CITY,,MI,49684,2313928950,,,,,,,,,,,,,,,,,4,,,,,
23C0001053,EAST PARIS SURGICAL CENTER LLC,1000 EAST PARIS AVE S.E.,GRAND RAPIDS,,MI,49546,6164643430,95,4,1,97,92,6,2,95,90,7,3,95,93,6,1,97,,1080,319,31,10/1/2017,9/30/2018
23C0001061,WEST BLOOMFIELD SURGERY CENTER LLC,2300 HAGGERTY STE. 1055,WEST BLOOMFIELD,,MI,48323,2488966323,97,3,0,98,91,7,2,95,89,9,2,95,87,11,2,94,,1308,469,36,10/1/2017,9/30/2018
23C0001071,PAIN TREATMENT CENTERS OF MICHIGAN LLC DBA MATRIX SURGERY CENTER,4450 FASHION SQUARE BLVD,BAY CITY,,MI,48706,9897907950,98,2,0,99,90,8,2,94,89,10,1,95,88,12,0,96,,888,386,43,10/1/2017,9/30/2018
23C0001080,WALKER SURGICAL CENTER LLC,3300 WALKER VIEW DR.,WALKER,,MI,49544,6165886560,98,2,0,99,94,5,1,96,94,5,1,96,93,7,0,98,,1041,319,31,10/1/2017,9/30/2018
23C0001085,TOWNE CENTRE SURGERY CENTER LLC,4599 TOWN CENTER RD.,SAGINAW,,MI,48604,9894973096,96,4,0,98,89,9,2,94,87,12,1,95,93,6,1,97,,1277,324,26,10/1/2017,9/30/2018
23C0001109,CLARKSTON ASC PARTNERS LLC DBA CLARKSTON SURGERY CENTER,5701 BOW POINTE DR SUITE 145,CLARKSTON,,MI,48346,2483224800,98,2,0,99,92,7,1,95,89,9,2,95,87,12,1,95,,1120,512,46,10/1/2017,9/30/2018
23C0001114,SURGICAL INSTITUTE OF MONROE,1051 S. TELEGRAPH RD STE 100,MONROE,,MI,48161,7348698701,,,,,,,,,,,,,,,,,4,,,,,
24C0001010,WILLMAR SURGERY CENTER,1320 SOUTH FIRST ST,WILLMAR,,MN,56201,3202356506,97,3,0,99,93,6,1,96,84,15,1,94,84,15,1,94,,766,295,39,10/1/2017,9/30/2018
24C0001048,TRIA ORTHOPAEDIC CENTER LLC,8100 NORTHLAND DR,BLOOMINGTON,,MN,55431,9528065321,98,2,0,99,92,7,1,95,93,6,1,96,92,7,1,96,,1683,574,34,10/1/2017,9/30/2018
24C0001060,CENTRACARE SURGERY CENTER LLC,1900 CENTRACARE CIR,ST CLOUD,,MN,56303,3202294964,,,,,,,,,,,,,,,,,4,,,,,
24C0001062,FAIRVIEW MAPLE GROVE SURGERY CENTER LLC,14500 99TH AVE NORTH,MAPLE GROVE,,MN,55369,7638981438,99,1,0,99,93,6,1,96,92,6,2,96,90,8,2,96,2,897,254,28,10/1/2017,9/30/2018
24C0001074,SANFORD HEALTH DETROIT LAKES SAME DAY SURGERY CTR,1245 WASHINGTON AVE,DETROIT LAKES,,MN,56501,2188462000,97,3,0,98,91,8,1,95,87,12,1,94,81,18,1,93,2,632,214,34,10/1/2017,9/30/2018
24C0001084,MARSHALL SURGERY CENTER LLC,"1521 CARLSON ST, STE. 200",MARSHALL,,MN,56258,5075321928,99,1,0,99,94,5,1,97,90,9,1,96,87,12,1,95,2,705,311,44,10/1/2017,9/30/2018
24C0001089,UNIVERSITY OF MN HEALTH CLINICS AND SURGERY CENTER,909 FULTON ST SOUTHEAST,MINNEAPOLIS,,MN,55455,6126727435,98,2,0,99,92,7,1,96,89,7,4,95,88,9,3,95,,1564,465,30,10/1/2017,9/30/2018
24C0001093,MONTICELLO SURGERY CENTER,1013 HART BLVD,MONTICELLO,,MN,55362,7632712268,,,,,,,,,,,,,,,,,4,,,,,
25C0001046,COLUMBUS ORTHOPEDIC OUTPATIENT,640 LEIGH DR.,COLUMBUS,,MS,39705,6623287123,97,3,0,99,94,5,1,97,93,6,1,96,92,7,1,97,,1846,565,31,10/1/2017,9/30/2018
25C0001058,CENTER FOR DIGESTIVE HEALTH LLC,589 GARFIELD ST,TUPELO,,MS,38801,6623774173,96,3,1,98,90,8,2,94,90,8,2,95,89,10,1,96,,1886,463,25,10/1/2017,9/30/2018
26C0001021,CREEKWOOD SURGERY CENTER LP,211 NORTHEAST 54TH ST SUITE 100,KANSAS CITY,,MO,64118,8169882553,98,2,0,99,91,7,2,94,88,11,1,95,80,18,2,92,,1139,342,30,10/1/2017,9/30/2018
26C0001028,SAINT LUKES GI DIAGNOSTICS LLC,4321 WASHINGTON STE. 5600,KANSAS CITY,,MO,64111,8164168353,,,,,,,,,,,,,,,,,4,,,,,
26C0001060,SOUTH COUNTY OUTPATIENT ENDOSCOPY SERVICES LP DBA SOUTH COUNTY OUTPATIENT ENDOSCOPY SERVICES,5139 MATTIS RD  SUITE 100,ST LOUIS,,MO,63128,3147299780,99,1,0,99,93,6,1,96,91,7,2,95,88,10,2,95,,1304,615,47,10/1/2017,9/30/2018
26C0001061,DES PERES SQUARE SURGERY CENTER,1050 OLD DES PERES RD. STE. 150,ST LOUIS,,MO,63131,3145692918,97,3,0,98,91,7,2,95,86,12,2,94,83,15,2,93,,1337,469,35,10/1/2017,9/30/2018
26C0001066,MIDWEST DIGESTIVE HEALTH CENTER LLC,3601 NORTHEAST RALPH POWELL RD,LEES SUMMIT,,MO,64064,8162511255,99,1,0,99,95,4,1,97,94,5,1,97,92,7,1,97,,1237,421,34,10/1/2017,9/30/2018
26C0001069,BRIARCLIFF AMBULATORY SURGERY CENTER LP,4150 MULBERRY DR  SUITE 100,KANSAS CITY,,MO,64116,8162144364,96,4,0,98,92,7,1,95,90,9,1,95,86,12,2,94,,1178,432,37,10/1/2017,9/30/2018
26C0001070,LIBERTY AMBULATORY SURGERY CENTER LP,834 WEST KANSAS ST SUITE B,LIBERTY,,MO,64068,8168832004,97,2,1,98,93,6,1,96,89,9,2,95,86,12,2,94,,858,288,34,10/1/2017,9/30/2018
26C0001080,MID RIVERS SURGERY CENTER,5401 VETERANS MEMOIRAL PARKWAY,ST PETERS,,MO,63376,6364410906,97,3,0,98,91,7,2,95,87,10,3,94,85,13,2,94,,1158,408,35,10/1/2017,9/30/2018
26C0001082,CHESTERFIELD SURGERY CENTER,17050 BAXTER RD SUITE 110,CHESTERFIELD,,MO,63005,6365370122,98,2,0,99,93,6,1,96,88,10,2,94,82,16,2,93,,1012,390,39,10/1/2017,9/30/2018
26C0001087,ADVANCED AMBULATORY SURGICAL CARE LP,"10448 OLD OLIVE ST RD, SUITE 100",CREVE COEUR,,MO,63141,3147438091,98,2,0,99,88,10,2,93,86,12,2,94,81,17,2,93,,991,289,29,10/1/2017,9/30/2018
26C0001088,SURGERY CENTER OF COLUMBIA LP,305 NORTH KEENE ST SUITE 107,COLUMBIA,,MO,65201,5732566272,97,3,0,98,91,8,1,95,88,10,2,95,87,12,1,95,,1151,511,44,10/1/2017,9/30/2018
26C0001093,TOTAL JOINT CENTER OF ST LOUIS LP,760 OFFICE PARKWAY,CREVE COEUR,,MO,63141,3149954700,98,2,0,99,91,7,2,95,88,10,2,95,82,16,2,93,,985,386,39,10/1/2017,9/30/2018
26C0001097,RIVERSIDE AMBULATORY SURGERY CENTER LLC,100 VILLAGE SQUARE,HAZELWOOD,,MO,63042,3143738931,97,3,0,99,92,6,2,95,87,11,2,94,84,13,3,93,,1033,323,31,10/1/2017,9/30/2018
26C0001099,MANCHESTER AMBULATORY SURGERY CENTER LP DBA MANCHESTER SURGERY CENTER,1040 OLD DES PERES RD,DES PERES,,MO,63131,3147752264,96,3,1,98,92,6,2,95,84,13,3,92,79,19,2,92,,1048,323,31,10/1/2017,9/30/2018
26C0001103,CEDAR OAKS SURGERY CENTER LLC,706 BURKARTH RD,WARRENSBURG,,MO,64093,6607478868,99,1,0,99,95,4,1,97,94,5,1,97,88,11,1,95,2,389,188,48,10/1/2017,9/30/2018
26C0001109,WEBSTER AMBULATORY SURGERY CENTER LP,520 S. ELM AVE.,WEBSTER GROVES,,MO,63119,3149623464,97,3,0,99,91,7,2,95,89,10,1,95,84,15,1,94,,1223,406,33,10/1/2017,9/30/2018
26C0001112,FRONTENAC AMBULATORY SURGERY AND SPINE CARE CENTER LP DBA FRONTENAC SURGERY AND SPINE CARE CENTER,10435 CLAYTON RD SUITE 110,FRONTENAC,,MO,63131,3149953990,98,2,0,99,90,9,1,94,91,8,1,96,88,11,1,95,,1318,413,31,10/1/2017,9/30/2018
26C0001116,GATEWAY ENDOSCOPY CENTER LP,12855 N. 40 DR. STE. 150,ST LOUIS,,MO,63141,3143361130,99,1,0,99,94,5,1,97,94,5,1,97,92,8,0,97,,1130,473,42,10/1/2017,9/30/2018
26C0001117,TWIN CITIES AMBULATORY SURGERY CENTER LP,1101 W. GANNON DR.,FESTUS,,MO,63028,6369315997,95,5,0,97,90,8,2,94,81,16,3,93,79,20,1,93,,994,421,42,10/1/2017,9/30/2018
26C0001138,OLD TESSON SURGERY CENTER LP,"12639 OLD TESSON RD, STE 130",ST LOUIS,,MO,63128,3148490311,96,4,0,98,91,7,2,95,87,11,2,94,84,14,2,94,,1125,468,42,10/1/2017,9/30/2018
26C0001148,EMERSON SURGERY CENTER LLC,"633 EMERSON RD, SUITE 140",ST LOUIS,,MO,63141,3149919922,,,,,,,,,,,,,,,,,4,,,,,
26C0001157,NORTH CAMPUS SURGERY CENTER LLC,"633 EMERSON RD., SUITE 120",CREVE COEUR,,MO,63141,3149912090,,,,,,,,,,,,,,,,,4,,,,,
27C0001020,YELLOWSTONE SURGERY CENTER LLC,1144 N. 28TH ST.,BILLINGS,,MT,59101,4062375900,98,2,0,99,91,8,1,95,89,10,1,95,89,10,1,96,,1241,399,32,10/1/2017,9/30/2018
27C0001022,FLATHEAD OUTPATIENT CENTER PC,111 SUNNYVIEW LANE,KALISPELL,,MT,59901,4067527900,98,2,0,99,93,6,1,96,89,10,1,95,88,10,2,95,,758,258,34,10/1/2017,9/30/2018
27C0001026,KALISPELL REGIONAL MEDICAL CENTER INC DBA POLSON HEALTH OUTPATIENT CENTER,106 RIDGEWATER DR SUITE B,POLSON,,MT,59860,4068831911,98,2,0,99,95,4,1,97,88,11,1,96,93,7,0,97,,329,143,43,10/1/2017,9/30/2018
29C0001000,SOUTHWEST MEDICAL ASSOCIATES INC,2450 WEST CHARLESTON BLVD.,LAS VEGAS,,NV,89102,7028778638,96,4,0,98,91,8,1,95,84,13,3,93,83,15,2,93,2,1201,311,26,10/1/2017,9/30/2018
29C0001036,PARKWAY SURGERY CENTER LLC DBA PARKWAY SURGERY CENTER,100 NORTH GREEN VALLEY PARKWAY SUITE 125,HENDERSON,,NV,89074,7026164954,97,3,0,98,90,8,2,94,88,11,1,95,85,12,3,94,,1168,353,30,10/1/2017,9/30/2018
29C0001073,SAN MARTIN SURGERY CENTER DBA DURANGO OUTPATIENT SURGERY CENTER,8530 WEST SUNSET RD SUITE 100,LAS VEGAS,,NV,89113,7027895700,96,3,1,97,89,9,2,93,87,10,3,94,84,14,2,94,,1312,304,23,10/1/2017,9/30/2018
29C0001102,PARKWAY SURGERY CENTER DBA PARKWAY SURGERY CENTER AT HORIZON RIDGE,10561 JEFFREYS ST SUITE 130,HENDERSON,,NV,89052,7027248900,97,3,0,98,89,9,2,94,91,8,1,96,87,13,0,95,,1272,363,29,10/1/2017,9/30/2018
30C0001014,DARTMOUTHHITCHCOCK CLINIC,100 HITCHCOCK WAY,MANCHESTER,,NH,3104,6036291800,98,2,0,99,94,5,1,96,89,10,1,95,88,11,1,96,,2646,682,26,10/1/2017,9/30/2018
30C0001021,HILLSIDE ASC LLC,"14 MAPLE ST, STE. 110",GILFORD,,NH,3249,6035247514,97,3,0,99,95,4,1,97,91,7,2,96,96,3,1,98,,341,106,31,10/1/2017,9/30/2018
30C0001031,DARTMOUTHHITCHCOCK CLINIC,ONE MEDICAL CENTER DR,LEBANON,,NH,3756,6036503052,99,1,0,99,93,6,1,96,95,4,1,96,90,9,1,96,,2359,728,31,10/1/2017,9/30/2018
31C0001035,BERGEN GASTROENTEROLOGY PC,"466 OLD HOOK RD, SUITE 1",EMERSON,,NJ,7630,2019678221,,,,,,,,,,,,,,,,,4,,,,,
31C0001099,SHORE OUTPATIENT SURGICENTER LLC,360 RT. 70,LAKEWOOD,,NJ,8701,7329429835,96,4,0,98,91,6,3,94,86,12,2,93,81,17,2,93,,1104,393,36,10/1/2017,9/30/2018
31C0001118,CENTRAL JERSEY SURGERY CENTER LLC,97 CORBETT WAY,EATONTOWN,,NJ,7724,7324602777,97,3,0,98,90,8,2,94,87,11,2,95,84,14,2,94,,1025,349,34,10/1/2017,9/30/2018
31C0001126,SHREWSBURY SURGERY CENTER LLC DBA SHREWSBURY SURGERY CENTER,655 SHREWSBURY AVE,SHREWSBURY,,NJ,7702,7324506000,99,1,0,99,91,7,2,95,89,10,1,96,90,9,1,96,,1109,349,31,10/1/2017,9/30/2018
31C0001150,ORTHOPAEDIC SURGERY CENTER OF NORTHWEST JERSEY LLC,3130 ROUTE 10 WEST STE. 200,DENVILLE,,NJ,7834,9733283475,96,4,0,98,90,8,2,94,86,11,3,93,80,17,3,92,,1166,383,33,10/1/2017,9/30/2018
31C0001152,HACKENSACK ENDOSCOPY CENTER,170 PROSPECTIVE AVE. STE 10,HACKENSACK,,NJ,7601,2014980030,97,3,0,98,90,7,3,94,87,12,1,95,87,12,1,95,,1146,366,32,10/1/2017,9/30/2018
31C0001153,TOMS RIVER SURGERY CENTER,1430 HOOPER AVE SUITE 301,TOMS RIVER,,NJ,8753,7322402277,98,2,0,99,94,5,1,96,93,7,0,96,90,9,1,96,,1318,492,37,10/1/2017,9/30/2018
31C0001160,HAMILTON ENDOSCOPY AND SURGERY CENTER LLC,"1235 WHITE HORSE MERCERVILLE RD, SUITE 310",HAMILTON,,NJ,8619,6095816610,,,,,,,,,,,,,,,,,4,,,,,
31C0001162,SUBURBAN ENDOSCOPY CENTER LLC,799 BLOOMFIELD AVE.,VERONA,,NJ,7044,9735711600,98,2,0,99,91,6,3,94,89,11,0,96,90,9,1,96,,1115,308,28,10/1/2017,9/30/2018
31C0001193,LAKEWOOD SURGERY CENTER LLC,1215 ROUTE 70 SUITE 2000,LAKEWOOD,,NJ,8701,7327191800,98,2,0,99,92,6,2,95,89,8,3,95,87,12,1,95,,1067,305,29,10/1/2017,9/30/2018
31C0001197,METROPOLITAN NEW JERSEY LLC DBA METROPOLITAN SURGERY CENTER,433 HACKENSACK AVE LL01,HACKENSACK,,NJ,7601,2015276800,94,5,1,97,87,10,3,92,78,20,2,92,75,22,3,90,,1268,341,27,10/1/2017,9/30/2018
31C0001199,CENTER FOR BONE AND JOINT SURGERY DBA NORTHERN MONMOUTH REGIONAL SURGERY CENTER LLC,195 ROUTE 9 SOUTH SUITE 210,MANALAPAN,,NJ,7726,7329212305,97,3,0,99,91,7,2,95,86,13,1,95,85,15,0,95,,1043,290,28,10/1/2017,9/30/2018
31C0001205,PARAMUS ENDOSCOPY LLC DBA ENDOSCOPY CENTER OF BERGEN COUNTY,80 EISENHOWER DR SUITE 100,PARAMUS,,NJ,7652,2013361100,98,2,0,99,86,11,3,92,90,9,1,95,88,11,1,95,,945,250,26,10/1/2017,9/30/2018
31C0001216,SOMERSET AMBULATORY SURGICAL CENTER,1 HWY 206 N,SOMERVILLE,,NJ,8876,9083938360,98,2,0,99,93,6,1,96,91,8,1,96,90,9,1,96,,1116,319,29,10/1/2017,9/30/2018
31C0001218,MILLENNIUM SURGICAL CENTER LLC,"2090 SPRINGDALE RD., SUITE A",CHERRY HILL,,NJ,8003,8567514555,97,2,1,98,93,5,2,95,90,7,3,95,89,9,2,95,,1359,294,22,10/1/2017,9/30/2018
31C0001253,KHS AMBULATORY SURGERY CENTER LLC DBA SELECT SURGICAL CENTER AT KENNEDY,405 HURFFVILLE CROSS KEYS RD SUITE 210,SEWELL,,NJ,8080,8565822072,98,2,0,99,94,4,2,96,90,9,1,95,86,13,1,95,,985,390,40,10/1/2017,9/30/2018
31C0001269,SURGICAL SPECIALISTS AT PRINCETON LLC,136 MAIN ST. STE. 100,PRINCETON,,NJ,8540,6098532261,98,2,0,99,91,7,2,94,85,13,2,94,85,12,3,93,,1222,371,30,10/1/2017,9/30/2018
31C0001273,LIBERTY AMBULATORY SURGERY CENTER LLC,377 JERSEY AVE. STE. 510,JERSEY CITY,,NJ,7302,2018783210,,,,,,,,,,,,,,,,,4,,,,,
31C0001316,JACKSON SURGICAL CENTER LLC,27 SOUTH COOKS BRIDGE RD SUITE L2,JACKSON,,NJ,8527,7329615737,97,3,0,99,88,9,3,93,86,12,2,94,85,14,1,94,2,1205,601,50,10/1/2017,9/30/2018
32C0001107,NEW MEXICO ORTHOPAEDIC SURGERY CENTER LP,"201 CEDAR SE, SUITE 7650",ALBUQUERQUE,,NM,87106,5057244395,95,4,1,97,90,8,2,94,84,13,3,94,82,15,3,93,,1218,367,30,10/1/2017,9/30/2018
32C0001119,DAVITA MEDICAL GROUP,5400 GIBSON BLVD. SE,ALBUQUERQUE,,NM,87109,5052627126,,,,,,,,,,,,,,,,,4,,,,,
34C0001032,IREDELL SURGICAL ASSOCIATES LLP,1720 DAVIE AVE.,STATESVILLE,,NC,28677,7048710081,,,,,,,,,,,,,,,,,4,,,,,
34C0001112,SOUTHPARK SURGERY CENTER LLC,6035 FAIRVIEW RD,CHARLOTTE,,NC,28210,3364147673,97,3,0,98,92,7,1,95,88,10,2,95,86,11,3,94,,1076,314,29,10/1/2017,9/30/2018
34C0001137,CAROLINAS GASTROENTEROLOGY CENTER BALLANTYNE,4828 AIRPORT CENTER PARKWAY,CHARLOTTE,,NC,28277,7042744974,96,3,1,98,92,7,1,95,86,11,3,94,86,12,2,94,,1664,379,23,10/1/2017,9/30/2018
34C0001138,CAROLINA GASTROENTEROLOGY CENTER MEDICAL CENTER PLAZA,4828 AIRPORT CENTER PARKWAY,CHARLOTTE,,NC,28203,7045744974,97,3,0,98,92,6,2,95,92,7,1,96,89,10,1,95,,2262,590,26,10/1/2017,9/30/2018
34C0001150,ENDOSCOPY CENTER HUNTERSVILLE LLC,4828 AIRPORT CENTER PARKWAY,HUNTERSVILLE,,NC,28078,7046497486,,,,,,,,,,,,,,,,,4,,,,,
34C0001151,CAROLINA HEALTHCARE ASSOCIATES INC,1415 MEDICAL CTR DR,WILMINGTON,,NC,28401,9103624201,97,3,0,98,91,7,2,95,87,10,3,94,85,13,2,94,,1308,453,35,10/1/2017,9/30/2018
34C0001154,NOVANT HEALTH BALLANTYNE� OUTPATIENT SURGERY CENTER,14215 BALLANTYNE CORPORATE PLACE,CHARLOTTE,,NC,28277,3364147673,99,1,0,99,94,6,0,97,93,7,0,98,88,11,1,96,,657,148,23,10/1/2017,9/30/2018
34C0001159,PRIVATE DIAGNOSTIC CLINIC PLLC,"BRIER CREEK MEDICAL PAVILLION, 10207 CERNY ST., ST",RALEIGH,,NC,27617,9196600620,97,3,0,98,94,5,1,96,90,9,1,96,88,12,0,96,,838,180,21,10/1/2017,9/30/2018
34C0001165,WAKE ENDOSCOPY CENTER LLC,2601 LAKE DR. S 201,RALEIGH,,NC,27607,9193413529,97,3,0,99,92,6,2,95,85,15,0,95,86,12,2,94,2,1704,299,18,10/1/2017,9/30/2018
34C0001168,NOVANT HEALTH HUNTERSVILLE OUTPATIENT SURGERT,10030 GILEAD RD,HUNTERSVILLE,,NC,28078,7047467662,96,4,0,98,93,6,1,96,90,9,1,96,91,8,1,96,,1583,519,33,10/1/2017,9/30/2018
34C0001174,REX SURGERY CENTER OF CARY LLC,1505 SOUTHWEST CARY PARKWAY SUITE 100,CARY,,NC,27511,8048149753,,,,,,,,,,,,,,,,,4,,,,,
34C0001177,UNION HEALTH SERVICES LLC,6068 HWY 74 WEST,INDIAN TRAIL,,NC,28079,7046671970,,,,,,,,,,,,,,,,,4,,,,,
34C0001180,MATTHEWS SURGERY CENTER LLC,710 PARK CENTER DR,MATTHEWS,,NC,28105,3364147673,97,3,0,98,89,8,3,93,88,9,3,94,85,11,4,93,,1781,420,24,10/1/2017,9/30/2018
35C0001004,TRINITY HEALTH,1102 MAIN ST,WILLISTON,,ND,58801,7015727711,,,,,,,,,,,,,,,,,4,,,,,
35C0001025,SANFORD HEALTH DICKINSON AMBULATORY SURGERY CTR,2615 FAIRWAY ST,DICKINSON,,ND,58601,7014566000,97,3,0,98,87,7,6,91,78,22,0,94,85,15,0,95,3,114,34,30,10/1/2017,9/30/2018
36C0001051,OSU INTERNAL MEDICINE LLC,"3900 STONERIDGE LANE, SUITE D",DUBLIN,,OH,43017,6143665001,,,,,,,,,,,,,,,,,4,,,,,
36C0001097,REYNOLDS ROAD SURGICAL CENTER LTD,"2865 NORTH REYNOLDS RD, SUITE 190",TOLEDO,,OH,43615,4195787547,,,,,,,,,,,,,,,,,4,,,,,
36C0001140,PREMIUM SURGERY CENTER LLC,5319 HOAG DR,ELYRIA,,OH,44035,4409306050,98,2,0,99,91,7,2,95,88,11,1,95,86,13,1,95,,939,358,38,10/1/2017,9/30/2018
36C0001155,NEW HORIZONS SURGERY CENTER LLC,1167 INDEPENDENCE AVE.,MARION,,OH,43302,7403755854,97,3,0,98,90,8,2,94,86,13,1,95,86,13,1,95,,1077,397,37,10/1/2017,9/30/2018
36C0001191,SURGERY CENTER OF CANFIELD LLC,4147 WESTFORD DR.,CANFIELD,,OH,44406,3307021489,98,2,0,99,90,9,1,94,91,7,2,96,89,10,1,96,,1153,524,45,10/1/2017,9/30/2018
36C0001222,THE CHRIST HOSPITAL SPINE SURGERY CENTER LLC,4020 SMITH RD,NORWOOD,,OH,45209,5136195899,98,2,0,99,93,5,2,96,92,7,1,96,90,9,1,96,,1172,538,46,10/1/2017,9/30/2018
37C0001032,MCGEE EYE SURGERY CENTER LLC,1000 N. LINCOLN BLVD. #150,OKLAHOMA CITY,,OK,73104,4052328696,96,4,0,98,90,8,2,94,89,9,2,95,90,8,2,96,2,3420,1312,38,10/1/2017,9/30/2018
37C0001055,MEMORIAL SURGERY CENTER LLC,8131 SOUTH MEMORIAL DR SUITE 107,TULSA,,OK,74133,9182497911,95,4,1,97,88,9,3,92,85,12,3,94,80,18,2,93,,958,353,37,10/1/2017,9/30/2018
38C0001031,WILLAMETTE SURGERY CENTER PC,1445 STATE ST,SALEM,,OR,97301,5033653965,97,3,0,98,93,6,1,96,88,11,1,95,86,13,1,95,,1926,668,35,10/1/2017,9/30/2018
38C0001046,NORTHWEST GASTROENTEROLOGY CLINIC LLC,1130 NORTHWEST 22ND AVE  6TH FLOOR  SUITE 615,PORTLAND,,OR,97210,5032297137,98,2,0,99,92,6,2,95,86,11,3,93,86,11,3,94,,725,252,35,10/1/2017,9/30/2018
38C0001052,AESTHETIC SURGERY CENTER OF EUGENE INC,2550 WILLAKENZIE STE #1,EUGENE,,OR,97401,5414340922,,,,,,,,,,,,,,,,,4,,,,,
38C0001054,CASCADE SPINE CENTER LLC,6464 SOUTHWEST BORLAND RD SUITE A3,TUALATIN,,OR,97062,9714043366,97,3,0,98,94,5,1,97,85,13,2,94,84,15,1,94,,1045,391,37,10/1/2017,9/30/2018
38C0001056,CENTER FOR SPECIALTY SURGERY LLC,11782 SW BARNES RD. #200,PORTLAND,,OR,97225,5039064306,98,2,0,99,91,7,2,95,85,13,2,94,89,10,1,96,,1040,318,31,10/1/2017,9/30/2018
38C0001067,NORTHWEST AMBULATORY SURGERY CENTER LLC,1515 NORTHWEST 18TH AVE SUITE 200,PORTLAND,,OR,97209,5035424873,98,2,0,99,94,5,1,96,91,8,1,96,87,12,1,95,,1004,311,31,10/1/2017,9/30/2018
38C0001074,EAST PORTLAND SURGERY CENTER LLC,9200 SOUTH EAST 91ST AVE SUITE 100,PORTLAND,,OR,97086,5037726170,97,3,0,98,92,7,1,95,89,9,2,95,84,14,2,94,,1281,402,31,10/1/2017,9/30/2018
39C0001017,SOUTHWESTERN AMBULATORY SURGERY CENTER LLC,"500 LEWIS RUN RD, STE.202",WEST MIFFLIN,,PA,15122,4124696964,97,2,1,98,89,9,2,93,82,14,4,92,78,19,3,91,,1043,494,47,10/1/2017,9/30/2018
39C0001027,E. RONALD SALVITTI M.D DBA SOUTHWESTERN PA EYE SURGERY CENTER,750 EAST BEAU ST,WASHINGTON,,PA,15301,7242287477,,,,,,,,,,,,,,,,,4,,,,,
39C0001051,OPHTHALMOLOGY SURGICAL CENTER INC,92 TUSCARORA ST.,HARRISBURG,,PA,17104,7172332020,,,,,,,,,,,,,,,,,4,,,,,
39C0001152,THE ENDOSCOPY CENTER LLC,815 SUMNEYTOWN PIKE,LANSDALE,,PA,19446,2154533050,,,,,,,,,,,,,,,,,4,,,,,
39C0001153,THE SURGERY CENTER AT CRANBERRY,"105 BRANDT DR, SUITE 101",CRANBERRY TOWNSHIP,,PA,16066,7247721766,,,,,,,,,,,,,,,,,4,,,,,
39C0001168,HERSHEY OUTPATIENT SURGERY CENTER LP,15 HOPE DR,HERSHEY,,PA,17033,7175208200,97,3,0,98,93,6,1,96,87,11,2,94,88,10,2,94,,1171,384,33,10/1/2017,9/30/2018
39C0001176,THE READING HOSPITAL SURGICENTER AT SPRING RIDGE LLC,2603 KEISER BLVD.,WYOMISSING,,PA,19610,4846283079,99,1,0,99,94,5,1,96,94,5,1,97,93,6,1,97,,2028,531,26,10/1/2017,9/30/2018
39C0001226,GAMMA SURGERY CENTER LLC,107 GAMMA DR.,PITTSBURGH,,PA,15238,4129637917,97,3,0,98,88,10,2,93,86,12,2,94,84,15,1,94,,1267,551,43,10/1/2017,9/30/2018
39C0001239,HAZLETON SURGERY CENTER LLC,50 MOISEY DR. STE. 100,HAZLETON,,PA,18202,5705016500,99,1,0,99,92,6,2,95,89,9,2,95,90,9,1,96,,952,379,40,10/1/2017,9/30/2018
42C0001004,ANMED HEALTH MEDICUS SURGERY CENTER LLC,107 PROFESSIONAL CT.,ANDERSON,,SC,29621,8647167900,97,3,0,99,92,7,1,95,88,11,1,95,89,9,2,96,,838,376,45,10/1/2017,9/30/2018
42C0001017,CAROLINA SURGICAL CENTER,198 WOUTH HEDLONG AVE,ROCK HILL,,SC,29732,8033274664,97,3,0,99,94,5,1,96,89,10,1,95,88,11,1,96,,1112,354,32,10/1/2017,9/30/2018
42C0001038,STRAND GASTROINTESTINAL ENDOSCOPY CENTER,945 82ND PARKWAY,MYRTLE BEACH,,SC,29572,8438392584,97,3,0,98,92,6,2,95,89,9,2,95,85,13,2,94,,2293,972,42,10/1/2017,9/30/2018
42C0001047,FLORENCE SURGERY AND LASER CENTER LLC,400 NORTH CASHUA DR,FLORENCE,,SC,29501,8436649398,94,5,1,97,87,9,4,91,80,16,4,92,84,13,3,94,,1234,342,29,10/1/2017,9/30/2018
42C0001049,BLUFFTON OKATIE SURGERY CENTER LLC,"40 OKATIE CENTER BLVD S., STE. 125",OKATIE,,SC,29909,8437058870,98,2,0,99,92,6,2,95,89,9,2,95,90,9,1,96,,1104,558,51,10/1/2017,9/30/2018
42C0001078,THE SOUTHEASTERN SPINE INSTITUTE AMBULATORY SURGERY CENTER LLC,1106 CHUCK DAWLEY BLVD,MOUNT PLEASANT,,SC,29464,4698936573,95,5,0,97,89,8,3,93,88,10,2,94,90,9,1,96,,1209,439,36,10/1/2017,9/30/2018
43C0001023,SANFORD HEALTH SANFORD CLINIC ABERDEEN SURGICAL CTR,2905 3RD AVE SE,ABERDEEN,,SD,57401,6056264200,98,2,0,99,94,5,1,97,90,10,0,96,92,8,0,97,,713,197,28,10/1/2017,9/30/2018
43C0001028,SANFORD HEALTH SANFORD CLINIC WATERTOWN SURGICAL CTR,901 4TH ST. NW,WATERTOWN,,SD,57201,6058828780,97,3,0,99,94,5,1,96,80,20,0,93,81,19,0,94,3,185,56,30,10/1/2017,9/30/2018
44C0001000,PHYSICIAN'S SURGERY CENTER OF KNOXVILLE LLC,1819 CLINCH AVE SUITE 206,KNOXVILLE,,TN,37916,8655222949,97,3,0,99,91,7,2,95,88,11,1,95,89,10,1,96,,1195,412,34,10/1/2017,9/30/2018
44C0001001,EYE SURGERY CENTER OF NASHVILLE LLC,310 25TH AVE NORTH SUITE 105,NASHVILLE,,TN,37203,6153299023,98,2,0,99,94,5,1,96,90,8,2,95,90,8,2,96,,1234,536,43,10/1/2017,9/30/2018
44C0001004,MEMPHIS SURGERY CENTER LTD LP,1044 CRESTHAVEN RD.,MEMPHIS,,TN,38119,9016821516,97,3,0,98,92,7,1,96,87,11,2,94,89,9,2,95,,1187,348,30,10/1/2017,9/30/2018
44C0001008,NORTHRIDGE SURGERY CENTER LP,647 MYATT DR,MADISON,,TN,37115,6158688942,97,3,0,98,93,6,1,96,86,12,2,94,86,12,2,94,,1259,539,43,10/1/2017,9/30/2018
44C0001023,DIGESTIVE DISEASE ENDOSCOPY CENTER INC,"222 22ND AVE NORTH, SUITE 300",NASHVILLE,,TN,37203,6153404629,,,,,,,,,,,,,,,,,4,,,,,
44C0001025,BAPTIST PLAZA SURGICARE LP,300 20TH AVE NORTH SUITE 800,NASHVILLE,,TN,37203,6152841335,97,3,0,98,93,6,1,96,87,10,3,94,89,9,2,95,,1111,305,27,10/1/2017,9/30/2018
44C0001054,PHYSICIAN'S PAVILION SURGERY CENTER,545 STONECREST PKWY,SMYRNA,,TN,37167,6152203720,98,2,0,99,93,6,1,96,87,11,2,94,87,11,2,94,,1119,327,29,10/1/2017,9/30/2018
44C0001073,BAPTIST SURGERY CENTER DBA BAPTIST AMBULATORY SURGERY CENTER,312 21ST AVE NORTH,NASHVILLE,,TN,37203,6153217330,97,2,1,98,93,6,1,96,88,10,2,94,88,10,2,95,,1288,400,31,10/1/2017,9/30/2018
44C0001087,CLARKSVILLE SURGERY CENTER LLC,793 WEATHERLY DR,CLARKSVILLE,,TN,37043,9316451373,98,2,0,99,93,6,1,96,91,8,1,96,91,8,1,96,,1307,399,31,10/1/2017,9/30/2018
44C0001088,MIDDLE TENNESSEE AMBULATORY SURGERY CENTER LP,1800 MEDICAL CENTER PARKWAY SUITE 120,MURFREESBORO,,TN,37129,6158497500,98,2,0,99,91,7,2,95,88,11,1,95,85,14,1,94,,1211,355,29,10/1/2017,9/30/2018
44C0001097,MOUNTAIN EMPIRE SURGERY CENTER LP,601 MED TECH PARKWAY,JOHNSON CITY,,TN,37604,4236101020,98,2,0,99,92,7,1,95,90,9,1,96,90,9,1,96,,1055,380,36,10/1/2017,9/30/2018
44C0001104,SAINT THOMAS OUTPATIENT NEUROSURGICAL CENTER,"4230 HARDING RD., SUITE 901",NASHVILLE,,TN,37205,6153417472,97,3,0,99,96,3,1,98,91,8,1,96,93,6,1,98,,1123,337,30,10/1/2017,9/30/2018
44C0001112,PARKWEST SURGERY CENTER,9430 PARKWEST BLVD SUITE 210,KNOXVILLE,,TN,37923,8655310494,99,1,0,99,90,7,3,94,92,7,1,96,93,6,1,97,,972,322,33,10/1/2017,9/30/2018
44C0001119,SAINT THOMAS CAMPUS SURGICARE LP,4230 HARDING RD SUITE 300,NASHVILLE,,TN,37205,6157831260,98,2,0,99,93,6,1,96,90,10,0,96,89,10,1,96,,1182,455,38,10/1/2017,9/30/2018
44C0001124,AMBULATORY SURGICAL ASSOCIATES LLC,"725 KINGS LN,",TULLAHOMA,,TN,37388,9314551976,98,2,0,99,92,6,2,95,91,8,1,96,91,8,1,97,,1425,573,40,10/1/2017,9/30/2018
44C0001133,BAPTIST PLAZA SURGICARE LP,2004 HAYES ST,NASHVILLE,,TN,37203,6155154000,98,2,0,99,93,6,1,96,91,7,2,95,90,8,2,96,,1185,331,28,10/1/2017,9/30/2018
44C0001137,UPPER CUMBERLAND PHYSICIANS SURGERY CENTER LLC,467 N. WHITNEY AV.,COOKEVILLE,,TN,38501,9315285007,97,3,0,99,94,5,1,97,88,11,1,95,89,10,1,96,,1106,413,37,10/1/2017,9/30/2018
44C0001140,SAINT FRANCIS SURGERY CENTER LLC,5999 PARK AVE,MEMPHIS,,TN,38119,9018181080,97,3,0,99,91,7,2,94,91,7,2,95,87,11,2,95,,1258,392,31,10/1/2017,9/30/2018
44C0001160,PATIENT PARTNERS LLC,890 NORTH BLUE JAY WAY,GALLATIN,,TN,37066,6155759000,97,3,0,98,93,5,2,96,88,11,1,95,87,12,1,95,,1313,456,35,10/1/2017,9/30/2018
44C0001161,FRANKLIN ENDOSCOPY CENTER LLC,9160 CAROTHERS PARKWAY SUITE 100,FRANKLIN,,TN,37067,6155506066,98,2,0,99,92,7,1,95,90,9,1,95,88,11,1,96,,1096,334,30,10/1/2017,9/30/2018
44C0001166,LEBANON ENDOSCOPY CENTER LLC DBA LEBANON ENDOSCOPY CENTER,100 PHYSICIANS WAY SUITE 340,LEBANON,,TN,37090,6154669532,99,1,0,99,95,4,1,97,93,6,1,97,91,8,1,97,,1566,554,35,10/1/2017,9/30/2018
44C0001169,TENN SM LLC DBA PROVIDENCE SURGERY CENTER,5002 CROSSING CIR SUITE 110,MT. JULIET,,TN,37122,6155539100,96,3,1,98,93,5,2,96,90,9,1,95,89,9,2,96,,915,277,30,10/1/2017,9/30/2018
44C0001181,PCET SURGERY CENTER LLC,1128 E. WEISGARBER RD. STE. 110,KNOXVILLE,,TN,37909,8659342577,,,,,,,,,,,,,,,,,4,,,,,
44C0001186,MAURY REGIONAL SURGERY CENTER DBA SPRINGHILL SURGERY CENTER,1003 RESERVE BLVD # 210,SPRING HILL,,TN,37174,9314892644,,,,,,,,,,,,,,,,,4,,,,,
45C0001009,DOCTORS OUTPATIENT SURGICENTER LTD,3534 VISTA RD,PASADENA,,TX,77504,7139470330,96,3,1,98,92,6,2,95,84,14,2,93,83,14,3,93,,1226,342,28,10/1/2017,9/30/2018
45C0001018,CONROE SURGERY CENTER 2 LLC,"1501 RIVER POINTE DR, #200",CONROE,,TX,77304,4698936573,98,2,0,99,91,8,1,95,87,11,2,94,85,14,1,94,,1222,465,38,10/1/2017,9/30/2018
45C0001021,MEMORIAL HERMANN WEST HOUSTON SURGERY CENTER LLC,970 CAMPBELL RD,HOUSTON,,TX,77024,7134613547,95,4,1,97,88,10,2,93,83,13,4,93,81,16,3,92,,1322,309,23,10/1/2017,9/30/2018
45C0001039,BAYLOR SURGICARE,3920 WORTH ST.,DALLAS,,TX,75246,2148202581,98,2,0,99,92,6,2,95,90,8,2,95,91,7,2,96,,1135,322,28,10/1/2017,9/30/2018
45C0001046,PHYSICIANS DAY SURGERY CTR,3930 CRUTCHER ST,DALLAS,,TX,75246,2148206240,99,1,0,99,96,3,1,97,90,9,1,96,90,9,1,96,,1237,339,27,10/1/2017,9/30/2018
45C0001077,MEMORIAL HERMANN SURGERY CENTER PRESTON RD LTD DBA DOCTORS UNITED SURGERY CENTER,5146 PRESTON AVE,PASADENA,,TX,77504,3462035600,97,2,1,98,93,5,2,96,81,16,3,93,79,18,3,91,,1244,301,24,10/1/2017,9/30/2018
45C0001091,GARLAND SURGICARE PARTNERS LTD DBA BAYLOR SURGICARE AT GARLAND,530 CLARA BARTON BLVD SUITE 100,GARLAND,,TX,75042,9724942400,96,4,0,98,88,9,3,92,85,11,4,93,87,12,1,95,,964,329,34,10/1/2017,9/30/2018
45C0001133,BAYLOR SURGICARE AT NORTH DALLAS LLC DBA BAYLOR SCOTT AND WHITE SURGICARE NORTH DALLAS,12230 COIT RD SUITE 200,DALLAS,,TX,75251,4693746400,98,2,0,99,90,8,2,94,86,13,1,94,85,14,1,95,,1240,264,21,10/1/2017,9/30/2018
45C0001149,MEMORIAL HERMANN SURGERY CENTER WOODLANDS PARKWAY,1441 WOODSTEAD CT SUITE 100,THE WOODLANDS,,TX,77380,2818254702,98,2,0,99,94,5,1,96,92,7,1,96,90,9,1,96,,1171,269,23,10/1/2017,9/30/2018
45C0001191,BAYLOR SURGICARE AT BEDFORD,"1600 CENTRAL DR., SUITE 180",BEDFORD,,TX,76022,8175711999,100,0,0,100,94,5,1,96,93,6,1,97,91,8,1,97,,935,227,24,10/1/2017,9/30/2018
45C0001194,MEMORIAL HERMANN BAY AREA ENDOSCOPY CENTER LLC,"444 F. M. 1959 RD, STE. B",HOUSTON,,TX,77034,2818922422,96,4,0,98,87,10,3,92,87,11,2,94,81,17,2,93,,1078,254,24,10/1/2017,9/30/2018
45C0001196,BAYLOR SURGICARE AT OAKMONT,7200 OAKMONT BLVD.,FORT WORTH,,TX,76132,8177323300,98,2,0,99,93,5,2,96,92,7,1,96,90,8,2,96,,1238,341,28,10/1/2017,9/30/2018
45C0001205,DESOTO SURGICARE PARTNERS LTD,7992 WEST VIRGINIA DR.,DALLAS,,TX,75237,9722832400,97,3,0,98,92,6,2,95,86,12,2,94,83,15,2,93,,1088,335,31,10/1/2017,9/30/2018
45C0001214,BAYLOR SURGICARE AT PLANO PARKWAY LLC DBA BAYLOR SCOTT AND WHITE SURGICARE PLANO PARKWAY,4031 WEST PLANO PARKWAY SUITE 100,PLANO,,TX,75093,4693260202,95,4,1,97,92,7,1,95,82,14,4,92,84,11,5,92,,1084,231,21,10/1/2017,9/30/2018
45C0001221,VICTORIA SURGERY CENTER,105 JAMES COLEMAN DR.,VICTORIA,,TX,77904,3615780234,95,4,1,97,87,10,3,92,82,11,7,92,88,11,1,96,,762,270,37,10/1/2017,9/30/2018
45C0001233,HILL COUNTRY MEMORIAL SURGERY CENTER LLC,204 GATEWAY NORTH SUITE B,MARBLE FALLS,,TX,78654,8307981821,,,,,,,,,,,,,,,,,4,,,,,
45C0001240,BEAUMONT SURGICAL AFFILIATES LTD DBA BAPTIST BEAUMONT SURGICAL AFFILIATES,3560 COLLEGE ST,BEAUMONT,,TX,77701,4098357070,97,3,0,98,94,5,1,97,89,8,3,95,88,10,2,95,,1312,443,34,10/1/2017,9/30/2018
45C0001243,NORTHWEST SURGERY CENTER LTD,17322 RED OAK DR,HOUSTON,,TX,77090,4698936573,96,4,0,98,91,8,1,95,84,15,1,94,77,21,2,91,,1003,309,31,10/1/2017,9/30/2018
45C0001245,CORPUS CHRISTI SURGICARE LTD DBA CORPUS CHRISTI OUTPATIENT SURGERY CENTER,3636 SOUTH ALAMEDA ST SUITE A,CORPUS CHRISTI,,TX,78411,3618532200,96,4,0,98,93,5,2,95,89,10,1,95,84,15,1,94,,1186,270,23,10/1/2017,9/30/2018
45C0001247,PASO DEL NORTE SURGERY CENTER,125 W. CASTELLANO,EL PASO,,TX,79912,9155328200,96,3,1,98,91,7,2,95,88,11,1,95,85,13,2,94,,1254,298,24,10/1/2017,9/30/2018
45C0001250,SHORELINE SURGERY CENTER LLP DBA CHRISTUS SPOHN-SURGICARE OF CORPUS CHRISTI,718 ELIZABETH ST,CORPUS CHRISTI,,TX,78404,3618823204,98,2,0,99,91,7,2,95,88,10,2,95,86,12,2,94,,1044,363,35,10/1/2017,9/30/2018
45C0001257,BAYLOR SURGICARE PARTNERS LTD,350 S. I35 EAST,DENTON,,TX,76205,9403231393,98,2,0,99,93,5,2,96,91,7,2,95,89,10,1,96,,956,291,30,10/1/2017,9/30/2018
45C0001264,TEXAN AMBULATORY SURGERY CENTER LP,7000 NORTH MOPAC EXPRESSWAY SUITE 120,AUSTIN,,TX,78731,5123420900,96,3,1,98,88,10,2,93,85,12,3,93,83,15,2,93,,1368,498,36,10/1/2017,9/30/2018
45C0001267,NMC SURGERY CENTER LP DBA THE SURGERY CENTER OF NACOGDOCHES,4948 N E STALLINGS DR,NACOGDOCHES,,TX,75965,9365683595,98,1,1,99,93,5,2,95,92,6,2,96,89,9,2,95,,1269,384,30,10/1/2017,9/30/2018
45C0001274,VICTORIA AMBULATORY SURGERY CENTER DBA THE SURGERY CENTER,6370 NORTH NAVARRO ST,VICTORIA,,TX,77904,3615708311,98,2,0,99,93,5,2,95,93,6,1,97,93,6,1,97,,1328,478,36,10/1/2017,9/30/2018
45C0001277,TEXAS ENDOSCOPY CENTERS LLC,6405 WEST PARKER RD SUITE 370,PLANO,,TX,75093,2147782570,99,1,0,99,93,5,2,96,92,7,1,96,91,6,3,96,,956,263,28,10/1/2017,9/30/2018
45C0001298,NORTH HOUSTON ENDOSCOPY AND SURGERY,275 LANTERN BEND SUITE 400,HOUSTON,,TX,77090,2814405797,97,3,0,98,91,8,1,95,87,10,3,94,85,12,3,94,,1015,304,30,10/1/2017,9/30/2018
45C0001301,GRAPEVINE SURGICARE PARTNERS LTD,2040 W. ST. HWY. 114,GRAPEVINE,,TX,76051,8174104300,98,2,0,99,93,6,1,96,91,7,2,95,89,10,1,96,,1078,231,21,10/1/2017,9/30/2018
45C0001307,TEXAS ORTHOPEDICS SURGERY CENTER LLC,"4700 SETON CENTER PKWY, STE. 100",AUSTIN,,TX,78759,5124391006,96,4,0,98,92,7,1,95,87,12,1,95,86,13,1,95,,1282,327,26,10/1/2017,9/30/2018
45C0001315,PARK CITIES SURGERY CENTER LLC,6901 SNIDER PLAZA #300,UNIVERSITY PARK,,TX,75205,2147066901,98,2,0,99,95,4,1,97,94,5,1,96,90,8,2,96,,1410,298,21,10/1/2017,9/30/2018
45C0001318,BAYLOR SURGICARE AT CARROLLTON,4780  NORTH JOSEY LANE,CARROLLTON,,TX,75010,9723952210,98,2,0,99,92,6,2,95,93,6,1,96,90,9,1,96,,1359,334,25,10/1/2017,9/30/2018
45C0001338,SAN ANTONIO ENDOSCOPY LP,"8550 DATAPOINT, SUITE 100",SAN ANTONIO,,TX,78229,2106157232,98,2,0,99,92,6,2,95,91,9,0,96,91,8,1,97,,1217,406,33,10/1/2017,9/30/2018
45C0001344,MIDLAND TEXAS SURGICAL CENTER LLC,5609 DEAUVILLE BLVD,MIDLAND,,TX,79706,4326994224,96,3,1,98,94,5,1,96,91,8,1,96,90,8,2,96,,1164,323,28,10/1/2017,9/30/2018
45C0001351,THEDA OAKS GASTROENTEROLOGY AND ENDOSCOPY CENTER LLC,19226 STONE HUE SUITE 103,SAN ANTONIO,,TX,78258,2102680100,94,5,1,97,86,11,3,91,83,14,3,93,81,17,2,92,,1144,288,25,10/1/2017,9/30/2018
45C0001355,BAYLOR SURGICARE AT PLANO LLC,1701 OHIO DR.,PLANO,,TX,75093,2142913000,99,1,0,99,92,6,2,95,92,7,1,96,88,11,1,96,,1031,271,26,10/1/2017,9/30/2018
45C0001357,PHYSICIANS SURGICAL CENTER OF FT. WORTH LLP DBA BAYLOR SURGICARE AT FORT WORTH,750 12TH AVE,FORT WORTH,,TX,76104,8173345100,97,2,1,98,92,7,1,95,93,7,0,96,90,9,1,96,,1088,262,24,10/1/2017,9/30/2018
45C0001363,MEMORIAL HERMANN ENDOSCOPY CENTER NORTH FREEWAY DBA MEMORIAL HERMANN ENDOSCOPY CENTER NORTH LOOP,1900 NORTH LOOP FREEWAY WEST,HOUSTON,,TX,77018,7134572750,98,2,0,99,92,6,2,95,87,12,1,95,86,13,1,95,,1132,220,19,10/1/2017,9/30/2018
45C0001364,ROCKWALL AMBULATORY SURGERY CENTER LLP,825 WEST YELLOWJACKET LN,ROCKWALL,,TX,75087,9727726166,97,3,0,98,91,7,2,95,90,9,1,95,87,12,1,95,,1315,325,25,10/1/2017,9/30/2018
45C0001369,MEMORIAL HERMANN SURGERY CENTER NORTHWEST LLP DBA MEMORIAL HERMANN SURGERY CENTER NORTHWEST,1631 NORTH LOOP WEST SUITE 300,HOUSTON,,TX,77008,7133961300,96,3,1,98,92,6,2,95,88,11,1,95,84,15,1,94,,1259,274,22,10/1/2017,9/30/2018
45C0001370,TEXAS INTERNATIONAL ENDOSCOPY CENTER LP,6620 MAIN ST STE 1500,HOUSTON,,TX,77030,7135208432,97,3,0,99,93,6,1,96,92,6,2,96,89,9,2,95,,1247,313,25,10/1/2017,9/30/2018
45C0001373,ROCKWALL HEATH SURGERY CENTER LLP,6435 S. FM 549 STE. 101,HEATH,,TX,75032,9727229003,98,2,0,99,93,6,1,96,95,5,0,97,92,6,2,96,,1034,258,25,10/1/2017,9/30/2018
45C0001374,EL PASO DAY SURGERY LP DBA EL PASO DAY SURGERY LLC,1300 MURCHISON SUITE 200,EL PASO,,TX,79902,9155949333,97,2,1,98,88,9,3,92,85,13,2,94,84,16,0,94,,1196,264,22,10/1/2017,9/30/2018
45C0001384,TUSCAN SURGERY CENTER AT LAS COLINAS,701 TUSCAN DR SUITE 100,IRVING,,TX,75039,2144421900,99,1,0,99,92,7,1,96,92,7,1,96,89,10,1,96,,1272,303,24,10/1/2017,9/30/2018
45C0001391,NORTH TEXAS ENDOSCOPY PARTNERS,"2023 W. MCDERMOTT DR., # 240",ALLEN,,TX,75013,9727811482,98,2,0,99,94,5,1,96,94,5,1,97,92,7,1,97,,1079,313,29,10/1/2017,9/30/2018
45C0001393,NORTH GARLAND SURGERY CENTER LLP DBA BAYLOR SCOTT AND WHITE SURGICARE - NORTH GARLAND,7150 NORTH GEORGE BUSH HWY SUITE 101,GARLAND,,TX,75044,2147031800,97,3,0,98,92,7,1,96,91,7,2,95,88,10,2,94,,1204,310,26,10/1/2017,9/30/2018
45C0001396,CENTENNIAL ASC LLC,4401 COIT RD #100,FRISCO,,TX,75035,4698936573,97,2,1,98,90,7,3,94,89,10,1,95,85,13,2,94,,951,193,20,10/1/2017,9/30/2018
45C0001406,MEMORIAL HERMANN SURGERY CENTER THE WOODLANDS LLP DBA MEMORIAL HERMANN SURGERY CENTER THE WOODLANDS,9200 PINECROFT DR SUITE 200,THE WOODLANDS,,TX,77380,2812979500,98,2,0,99,92,6,2,95,90,9,1,95,88,10,2,95,,1096,225,21,10/1/2017,9/30/2018
45C0001412,HILL COUNTY SURGERY CENTER,801 E. WHITESTONE BLVD. STE. 100,CEDAR PARK,,TX,78613,5125282000,98,2,0,99,93,5,2,96,89,8,3,95,90,8,2,96,,1333,319,24,10/1/2017,9/30/2018
45C0001421,MEMORIAL HERMANN SURGERY CENTER RICHMOND LLC,1517 THOMPSON RD SUITE 100,RICHMOND,,TX,77469,2813445444,97,3,0,98,91,7,2,94,88,10,2,93,85,12,3,93,,1204,261,22,10/1/2017,9/30/2018
45C0001422,LONE STAR ENDOSCOPY CENTER LLC,180 BEAR CREEK PARKWAY,KELLER,,TX,76248,8173373671,98,2,0,99,93,5,2,96,93,7,0,97,92,7,1,97,,1218,339,28,10/1/2017,9/30/2018
45C0001442,MEMORIAL HERMANN SURGERY CENTER KINGSLAND,21720 KINGSLAND BLVD SUITE 101,KATY,,TX,77450,2815795655,98,1,1,99,94,5,1,96,91,8,1,95,91,8,1,96,,1175,311,26,10/1/2017,9/30/2018
45C0001443,MEMORIAL HERMANN SURGERY CENTER SOUTHWEST,7789 SOUTHWEST FREEWAY SUITE 200,HOUSTON,,TX,77074,7133433100,97,3,0,98,90,9,1,94,83,14,3,93,79,18,3,91,,1249,214,17,10/1/2017,9/30/2018
45C0001446,MEMORIAL HERMANN SURGERY CENTER TEXAS MEDICAL CENTER,6400 FANNIN ST SUITE 1500,HOUSTON,,TX,77030,7137907710,96,3,1,98,93,5,2,96,91,7,2,96,87,10,3,94,,1392,278,20,10/1/2017,9/30/2018
45C0001447,MEMORIAL HERMANN SURGERY CENTER KATY LLP,23920 KATY FREEWAY SUITE 200,KATY,,TX,77494,2816443200,96,4,0,98,90,9,1,94,87,11,2,94,87,11,2,94,,1195,246,21,10/1/2017,9/30/2018
45C0001449,MEMORIAL HERMANN SURGERY CENTER SUGAR LAND LLP,17510 WEST GRAND PARKWAY SOUTH SUITE 200,SUGAR LAND,,TX,77479,2812381600,96,3,1,98,92,7,1,95,89,9,2,95,84,14,2,94,,1363,299,22,10/1/2017,9/30/2018
45C0001458,NORTHWEST SURGERY CENTER LLP,11111 RESEARCH BLVD SUITE 350,AUSTIN,,TX,78759,5123494010,98,2,0,99,94,5,1,96,86,12,2,94,87,11,2,94,,1038,276,27,10/1/2017,9/30/2018
45C0001465,EL PASO CENTER FOR GASTROINTESTINAL ENDOSCOPY LLC,1620 N. MESA ST,EL PASO,,TX,79902,9155455300,,,,,,,,,,,,,,,,,4,,,,,
45C0001471,BAYLOR SURGICARE AT GRANBURY LLC,1717 PALUXY RD.,GRANBURY,,TX,76048,8175798863,98,2,0,99,95,4,1,97,92,7,1,97,93,6,1,97,,1299,533,41,10/1/2017,9/30/2018
45C0001481,HYDE PARK SURGERY CENTER LLC,"4611 GUADALUPE ST., # 100",AUSTIN,,TX,78751,5124202303,95,5,0,98,91,7,2,95,83,13,4,93,82,15,3,93,,1164,298,26,10/1/2017,9/30/2018
45C0001486,BAYLOR SURGICARE AT MANSFIELD LLC,280 REGENCY PARKWAY,MANSFIELD,,TX,76063,8174532744,98,2,0,99,92,7,1,95,91,7,2,96,90,8,2,95,,1435,332,23,10/1/2017,9/30/2018
45C0001509,MEDICAL PARK TOWER SURGERY CENTER LLC,"1301 WEST 38TH ST, SUITE 109",AUSTIN,,TX,78705,5123543000,95,4,1,97,90,9,1,94,82,14,4,92,77,20,3,91,,1402,414,30,10/1/2017,9/30/2018
45C0001513,MEMORIAL HERMANN MEMORIAL VILLAGE SURGERY CENTER,1120 BUSINESS CENTER DR SUITE 110,HOUSTON,,TX,77043,7133371111,96,3,1,98,93,5,2,96,85,11,4,93,84,13,3,93,,1159,252,22,10/1/2017,9/30/2018
45C0001522,WILLIAMSON SURGERY CENTER,"301 SETON PKWY, STE 200",ROUND ROCK,,TX,78665,5128614214,98,1,1,99,94,5,1,97,90,8,2,95,90,9,1,96,,1366,424,31,10/1/2017,9/30/2018
45C0001536,KIRBY GLEN SURGERY CENTER,2459 S. BRAESWOOD BLVD.,HOUSTON,,TX,77030,7135298600,97,2,1,98,91,7,2,95,84,13,3,94,82,16,2,93,,2287,642,28,10/1/2017,9/30/2018
45C0001570,LONE STAR ENDOSCOPY CENTER LLC,1001 SURREY LANE,FLOWER MOUND,,TX,75022,2145136300,97,3,0,98,93,5,2,96,93,6,1,96,90,9,1,96,,1014,275,27,10/1/2017,9/30/2018
45C0001597,NORTH PINES SURGERY CENTER LLC,4019 I 45 N SUITE 150,CONROE,,TX,77304,9366418181,,,,,,,,,,,,,,,,,4,,,,,
45C0001606,US CARDIO OF SA LLC,6830 HEUERMANN RD,SAN ANTONIO,,TX,78256,2108024350,,,,,,,,,,,,,,,,,4,,,,,
45C0001607,MEMORIAL HERMANN SURGERY CENTER PINECROFT LLC,9305 PINECROFT DR SUITE 200,THE WOODLANDS,,TX,77380,8328235156,97,2,1,98,91,7,2,95,89,8,3,95,83,14,3,93,,1780,411,23,10/1/2017,9/30/2018
45C0001621,AMBULATORY SURGERY CENTER AT LBJ,5550 KELLEY ST,HOUSTON,,TX,77026,7135569129,,,,,,,,,,,,,,,,,4,,,,,
45C0001622,METHODIST ALLEN SURGERY CENTER,1125 RAINTREE CIRLCE SUITE 200,ALLEN,,TX,75013,9725694500,,,,,,,,,,,,,,,,,4,,,,,
45C0001638,METHODIST CRAIG RANCH SURGERY CENTER,6045 ALMA RD SUITE 100,MCKINNEY,,TX,75070,4699071651,,,,,,,,,,,,,,,,,4,,,,,
46C0001003,IHC HEALTH SERVICES DBA INTERMOUNTAIN AVENUES SURGICAL CENTER,359 8TH AVE,SALT LAKE CITY,,UT,84103,8014083994,97,3,0,99,92,7,1,95,93,6,1,96,90,9,1,96,,906,228,26,10/1/2017,9/30/2018
46C0001004,MCKAY DEE SURGICAL CENTER LLC,"3903 HARRISON BLVD., STE. 100",OGDEN,,UT,84403,8013873600,97,3,0,99,92,7,1,96,89,9,2,95,88,10,2,95,,1624,442,28,10/1/2017,9/30/2018
49C0001009,CENTRAL VIRGINIA SURGI-CENTER LP DBA SURGI-CENTER OF CENTRAL VIRGINIA,1500 DIXON ST SUITE 101,FREDERICKSBURG,,VA,22401,5403715349,97,2,1,98,93,6,1,96,89,10,1,95,88,11,1,96,,1070,422,39,10/1/2017,9/30/2018
49C0001012,VIRGINIA BEACH AMBULATORY SURGERY CENTER,1700 WILL O WISP DR,VIRGINIA BEACH,,VA,23454,7574966400,,,,,,,,,,,,,,,,,4,,,,,
49C0001025,STONY POINT SURGERY CENTER L.L.C,"8700 STONY POINT PARKWAY, SUITE 100",RICHMOND,,VA,23235,8047754500,,,,,,,,,,,,,,,,,4,,,,,
49C0001034,MARY IMMACULATE AMBULATORY SURGERY CENTER LLC,12720 MCMANUS BLVD SUITE 103,NEWPORT NEWS,,VA,23602,7573697000,98,2,0,99,92,6,2,95,87,12,1,95,85,14,1,94,,1290,382,30,10/1/2017,9/30/2018
49C0001044,ST MARY'S AMBULATORY SURGERY CENTER LLC,1501 MAPLE AVE SUITE 300,RICHMOND,,VA,23226,8042877289,98,2,0,99,93,5,2,95,91,8,1,96,90,9,1,96,,860,235,27,10/1/2017,9/30/2018
49C0001047,BON SECOURS SURGERY CENTER AT VIRGINIA BEACH LLC,828 HEALTHY WAY SUITE 115,VIRGINIA BEACH,,VA,23462,7574958070,97,2,1,98,92,6,2,95,90,9,1,95,89,9,2,95,,989,326,33,10/1/2017,9/30/2018
49C0001049,BON SECOURS SURGERY CENTER AT HARBOUR VIEW LLC DBA BON SECOURS SURGERY CENTER AT HARBOUR VIEW,5818 HARBOUR VIEW BLVD SUITE 102D,SUFFOLK,,VA,23435,7572150499,97,3,0,98,89,9,2,94,87,11,2,94,85,13,2,94,,1005,328,33,10/1/2017,9/30/2018
50C0001095,PUGET SOUND GASTROETNEROLOGY AT KIRKLANDEVERGREEN ENDO CTR,11800 NE 128TH ST SUITE 100,KIRKLAND,,WA,98034,4258994500,,,,,,,,,,,,,,,,,4,,,,,
50C0001130,PUGET SOUND GASTROENTEROLOGY PS,11027 MERIDIAN AVE. N. STE. 100,SEATTLE,,WA,98133,2063654492,,,,,,,,,,,,,,,,,4,,,,,
50C0001146,THE EVERETT CLINIC PLLC,3927 RUCKER AVE,EVERETT,,WA,98201,4252853906,98,2,0,99,91,7,2,95,83,15,2,93,84,14,2,94,,1613,448,28,10/1/2017,9/30/2018
50C0001152,THE VANCOUVER CLINIC INC,700 NE 87TH AVE.,VANCOUVER,,WA,98664,3603973462,97,3,0,98,91,7,2,94,85,13,2,94,82,17,1,93,,5070,1431,28,10/1/2017,9/30/2018
50C0001157,EDMONDS ENDOSCOPY CENTER,"21600 HWY 99, STE. 260",EDMONDS,,WA,98026,4257742650,,,,,,,,,,,,,,,,,4,,,,,
50C0001190,GASTROENTEROLOGY ASSOCIATES LLC,500 LILLY RD NORTHEAST SUITE 204,OLYMPIA,,WA,98506,3604138250,,,,,,,,,,,,,,,,,4,,,,,
50C0001226,PUGET SOUND GASTROENTEROLOGY PS,501 N. 34TH ST. STE. 101,SEATTLE,,WA,98103,2068381777,,,,,,,,,,,,,,,,,4,,,,,
50C0001233,NORTHWEST ORTHOPAEDIC SPECIALISTS PS,601 WEST 5TH AVE SUITE 500,SPOKANE,,WA,99204,5093448672,,,,,,,,,,,,,,,,,4,,,,,
50C0001311,PROVIDENCE HEALTH AND SERVICES WASHINGTON,16528 E DESMET CT A2100,SPOKANE VALLEY,,WA,99216,5099448960,97,2,1,98,92,7,1,95,90,8,2,95,87,12,1,95,,1407,361,26,10/1/2017,9/30/2018
52C0001005,SSM HEALTH DAVIS DUEHR DEAN SURGERY CENTER,1025 REGENT ST,MADISON,,WI,53715,6082593570,96,4,0,98,90,9,1,94,82,14,4,92,84,15,1,94,,638,316,50,10/1/2017,9/30/2018
52C0001006,AURORA ADVANCED HEALTHCARE: NORTH SHORE SURGICAL CENTER,7007 N. RANGE LINE RD.,MILWAUKEE,,WI,53209,2625327092,98,2,0,99,94,5,1,97,87,11,2,94,85,13,2,94,,1681,535,32,10/1/2017,9/30/2018
52C0001011,SSM HEALTH SURGERYDIGESTIVE HEALTH CTR ON PARK ST,700 SOUTH PARK ST,MADISON,,WI,53715,6082593510,98,2,0,99,92,7,1,95,87,12,1,95,88,12,0,96,,836,300,36,10/1/2017,9/30/2018
52C0001057,EAST MEQUON SURGERY CENTER LLC,12203 WEST CORPORATE PARKWAY,MEQUON,,WI,53092,4146493911,98,2,0,99,92,7,1,95,89,9,2,94,85,13,2,94,,1481,519,35,10/1/2017,9/30/2018
52C0001066,ASPIRUS STEVENS POINT SURGERY CENTER LLC,5409 VERN HOLMES DR.,STEVENS POINT,,WI,54481,7153421015,95,5,0,97,91,7,2,95,89,9,2,95,92,7,1,97,,418,119,29,10/1/2017,9/30/2018
52C0001098,VASCARE MAYFAIR LLC,805 N. MAYFAIR RD.,WAUWATOSA,,WI,53226,4149886773,98,2,0,99,92,6,2,95,93,6,1,96,92,7,1,97,,685,144,23,10/1/2017,9/30/2018
52C0001113,AURORA SURGERY CENTERS LLC,WEST 180 NORTH 11070 RIVER LANE RD,GERMANTOWN,,WI,53222,2625329777,98,2,0,99,93,6,1,96,90,8,2,96,87,12,1,95,,1496,548,40,10/1/2017,9/30/2018
53C0001010,TETON OUTPATIENT SERVICES LLC,150 BUFFALO WAY,JACKSON,,WY,83001,3077338677,98,2,0,99,91,8,1,95,87,12,1,94,90,9,1,96,,1133,317,28,10/1/2017,9/30/2018
53C0001018,SHERIDAN SURGICAL CENTER LLC,1524 WEST 5TH ST,SHERIDAN,,WY,82801,3706727874,,,,,,,,,,,,,,,,,4,,,,,
55C0001055,SAN FERNANDO VALLEY SURGERY CENTER LP,11550 INDIAN HILLS RD SUITE 160,MISSION HILLS,,CA,91345,8182562100,97,2,1,98,91,7,2,94,87,10,3,94,87,11,2,95,,1128,319,28,10/1/2017,9/30/2018
55C0001083,SACRAMENTO MIDTOWN ENDOSCOPY CENTER LLC,3941 J ST SUITE 460,SACRAMENTO,,CA,95819,9167336218,97,3,0,98,89,8,3,93,83,15,2,93,81,17,2,93,,1246,362,29,10/1/2017,9/30/2018
