State,Patients who reported that staff definitely gave care in a professional way and the facility was clean,Patients who reported that staff somewhat gave care in a professional way or the facility was somewhat clean,Patients who reported that staff did not give care in a professional way or the facility was not clean,Facilities and staff linear mean score,Patients who reported that staff definitely communicated about what to expect during and after the procedure,Patients who reported that staff somewhat communicated about what to expect during and after the procedure,Patients who reported that staff did not communicate about what to expect during and after the procedure,Communication about your procedure linear mean score,Patients who gave the facility a rating of 9 or 10 on a scale from 0 (lowest) to 10 (highest),Patients who gave the facility a rating of 7 or 8 on a scale from 0 (lowest) to 10 (highest),Patients who gave the facility a rating of 0 to 6 on a scale from 0 (lowest) to 10 (highest),Patients� rating of the facility linear mean score,Patients who reported YES they would DEFINITELY recommend the facility to family or friends.,Patients who reported PROBABLY YES they would recommend the facility to family or friends.,"Patients who reported NO, they would not recommend the facility to family or friends.",Patients recommending the facility linear mean score,Number of Sampled Patients,Number of Completed Surveys,Survey Response Rate Percent,Measure Start Date,Measure End Date
Alabama,97,3,0,98,93,6,1,96,88,10,2,94,88,10,2,95,3193,905,28,10/1/2017,9/30/2018
Alaska,,,,,,,,,,,,,,,,,,,,,
American Samoa,,,,,,,,,,,,,,,,,,,,,
Arizona,97,3,0,98,91,7,2,94,87,10,3,94,84,14,2,94,17886,5198,29,10/1/2017,9/30/2018
Arkansas,,,,,,,,,,,,,,,,,,,,,
California,97,3,0,98,90,8,2,94,86,12,2,94,85,13,2,94,43099,13204,31,10/1/2017,9/30/2018
Colorado,97,2,1,98,90,8,2,94,87,10,3,94,85,13,2,94,6689,1972,29,10/1/2017,9/30/2018
Commonwealth of the Northern Marianas Islands,,,,,,,,,,,,,,,,,,,,,
Connecticut,98,2,0,99,91,7,2,95,90,9,1,96,88,10,2,95,2346,637,27,10/1/2017,9/30/2018
Delaware,,,,,,,,,,,,,,,,,,,,,
District of Columbia,97,2,1,98,92,7,1,95,89,9,2,95,83,15,2,93,1693,392,23,10/1/2017,9/30/2018
Florida,96,4,0,98,90,8,2,94,86,12,2,94,86,12,2,94,24929,9019,36,10/1/2017,9/30/2018
Georgia,98,2,0,99,93,6,1,96,90,9,1,96,89,10,1,95,13588,3596,26,10/1/2017,9/30/2018
Guam,,,,,,,,,,,,,,,,,,,,,
Hawaii,,,,,,,,,,,,,,,,,,,,,
Idaho,,,,,,,,,,,,,,,,,,,,,
Illinois,97,3,0,98,90,8,2,94,86,12,2,94,84,14,2,94,8864,2921,33,10/1/2017,9/30/2018
Indiana,98,2,0,99,92,7,1,95,89,10,1,95,90,9,1,96,4877,1438,30,10/1/2017,9/30/2018
Iowa,97,3,0,98,90,8,2,94,85,13,2,94,83,16,1,94,1340,507,38,10/1/2017,9/30/2018
Kansas,,,,,,,,,,,,,,,,,,,,,
Kentucky,,,,,,,,,,,,,,,,,,,,,
Louisiana,98,2,0,99,92,6,2,95,88,10,2,95,89,9,2,96,8044,2603,33,10/1/2017,9/30/2018
Maine,98,1,1,99,89,9,2,93,91,7,2,95,87,11,2,95,1145,356,31,10/1/2017,9/30/2018
Maryland,98,2,0,99,89,8,3,93,89,10,1,96,84,13,3,93,572,112,20,10/1/2017,9/30/2018
Massachusetts,97,3,0,99,93,5,2,96,86,11,3,94,88,9,3,95,1326,491,37,10/1/2017,9/30/2018
Michigan,97,3,0,98,91,7,2,95,90,8,2,95,90,9,1,96,10502,3837,37,10/1/2017,9/30/2018
Minnesota,98,2,0,99,93,6,1,96,89,9,2,95,87,11,2,95,6247,2113,34,10/1/2017,9/30/2018
Mississippi,97,2,1,99,92,6,2,96,92,6,2,96,91,8,1,97,3732,1028,28,10/1/2017,9/30/2018
Missouri,97,3,0,99,92,6,2,95,89,9,2,95,85,13,2,94,20610,7566,37,10/1/2017,9/30/2018
Montana,98,2,0,99,93,6,1,96,89,10,1,95,90,9,1,96,2328,800,34,10/1/2017,9/30/2018
Nebraska,,,,,,,,,,,,,,,,,,,,,
Nevada,97,3,0,98,90,8,2,94,88,10,2,95,85,13,2,94,4953,1331,27,10/1/2017,9/30/2018
New Hampshire,98,2,0,99,94,5,1,96,92,7,1,96,91,8,1,97,5346,1516,28,10/1/2017,9/30/2018
New Jersey,97,3,0,99,91,7,2,94,88,10,2,95,86,12,2,94,18193,5801,32,10/1/2017,9/30/2018
New Mexico,95,4,1,97,90,8,2,94,84,13,3,94,82,15,3,93,1218,367,30,10/1/2017,9/30/2018
New York,,,,,,,,,,,,,,,,,,,,,
North Carolina,97,3,0,98,92,7,1,95,89,9,2,95,87,11,2,95,12873,3302,26,10/1/2017,9/30/2018
North Dakota,97,3,0,98,87,7,6,91,78,22,0,94,85,15,0,95,114,34,30,10/1/2017,9/30/2018
Ohio,98,2,0,99,91,7,2,95,89,10,1,96,88,11,1,96,4341,1817,42,10/1/2017,9/30/2018
Oklahoma,96,3,1,98,89,8,3,93,87,10,3,95,85,13,2,95,4378,1665,38,10/1/2017,9/30/2018
Oregon,98,2,0,99,93,6,1,96,87,11,2,95,86,12,2,95,7021,2342,34,10/1/2017,9/30/2018
Pennsylvania,98,2,0,98,91,7,2,95,88,10,2,94,87,11,2,94,6461,2339,36,10/1/2017,9/30/2018
Puerto Rico,,,,,,,,,,,,,,,,,,,,,
Rhode Island,,,,,,,,,,,,,,,,,,,,,
South Carolina,96,4,0,98,91,7,2,94,87,11,2,94,88,10,2,95,7790,3041,39,10/1/2017,9/30/2018
South Dakota,98,2,0,99,94,5,1,97,85,15,0,95,87,13,0,96,898,253,28,10/1/2017,9/30/2018
Tennessee,98,2,0,99,93,6,1,96,89,10,1,95,89,10,1,96,25107,8445,34,10/1/2017,9/30/2018
Texas,97,3,0,98,92,6,2,95,89,9,2,95,87,11,2,95,77268,20361,26,10/1/2017,9/30/2018
Utah,97,3,0,99,92,7,1,96,91,7,2,96,89,9,2,96,2530,670,27,10/1/2017,9/30/2018
Vermont,,,,,,,,,,,,,,,,,,,,,
Virgin Islands,,,,,,,,,,,,,,,,,,,,,
Virginia,97,3,0,98,92,6,2,95,89,10,1,95,87,12,1,95,5214,1693,32,10/1/2017,9/30/2018
Washington,97,3,0,98,91,7,2,95,86,12,2,94,84,15,1,94,8090,2240,28,10/1/2017,9/30/2018
West Virginia,,,,,,,,,,,,,,,,,,,,,
Wisconsin,97,3,0,99,92,7,1,95,88,10,2,95,88,11,1,95,7235,2481,35,10/1/2017,9/30/2018
Wyoming,98,2,0,99,91,8,1,95,87,12,1,94,90,9,1,96,1133,317,28,10/1/2017,9/30/2018
