"Provider_ID","Hospital_Name","Hospital_Type","Address","City","State","ZIP_Code","County_Name","MEASURE_ID","MEASURE_DESCRIPTION","NUMERATOR","DENOMINATOR","FOOTNOTE","RPTG_PRD_START_DT","RPTG_PRD_END_DT"
050146,CITY OF HOPE HELFORD CLINICAL RESEARCH HOSPITAL,Acute Care Hospitals,1500 E DUARTE ROAD,DUARTE,CA,91010,LOS ANGELES,PCH-1,Adjuvant Chemotherapy Colon Cancer,11,11,,01/01/2017,12/31/2017
050146,CITY OF HOPE HELFORD CLINICAL RESEARCH HOSPITAL,Acute Care Hospitals,1500 E DUARTE ROAD,DUARTE,CA,91010,LOS ANGELES,PCH-2,Combination Chemotherapy Breast Cancer,Not Available,Not Available,1,01/01/2017,12/31/2017
050146,CITY OF HOPE HELFORD CLINICAL RESEARCH HOSPITAL,Acute Care Hospitals,1500 E DUARTE ROAD,DUARTE,CA,91010,LOS ANGELES,PCH-3,Adjuvant Hormonal Therapy,213,227,,07/01/2016,06/30/2017
050660,USC KENNETH NORRIS JR CANCER HOSPITAL,Acute Care Hospitals,1441 EASTLAKE AVE,LOS ANGELES,CA,90089,LOS ANGELES,PCH-1,Adjuvant Chemotherapy Colon Cancer,Not Available,Not Available,1,01/01/2017,12/31/2017
050660,USC KENNETH NORRIS JR CANCER HOSPITAL,Acute Care Hospitals,1441 EASTLAKE AVE,LOS ANGELES,CA,90089,LOS ANGELES,PCH-2,Combination Chemotherapy Breast Cancer,0,0,7,01/01/2017,12/31/2017
050660,USC KENNETH NORRIS JR CANCER HOSPITAL,Acute Care Hospitals,1441 EASTLAKE AVE,LOS ANGELES,CA,90089,LOS ANGELES,PCH-3,Adjuvant Hormonal Therapy,43,51,,07/01/2016,06/30/2017
100079,UNIV OF MIAMI HOSPITAL AND CLINICS-SYLVESTER COMPR,Acute Care Hospitals,1475 NW 12TH AVE,MIAMI,FL,33136,MIAMI-DADE,PCH-1,Adjuvant Chemotherapy Colon Cancer,18,18,,01/01/2017,12/31/2017
100079,UNIV OF MIAMI HOSPITAL AND CLINICS-SYLVESTER COMPR,Acute Care Hospitals,1475 NW 12TH AVE,MIAMI,FL,33136,MIAMI-DADE,PCH-2,Combination Chemotherapy Breast Cancer,38,40,,01/01/2017,12/31/2017
100079,UNIV OF MIAMI HOSPITAL AND CLINICS-SYLVESTER COMPR,Acute Care Hospitals,1475 NW 12TH AVE,MIAMI,FL,33136,MIAMI-DADE,PCH-3,Adjuvant Hormonal Therapy,198,198,,07/01/2016,06/30/2017
100271,H LEE MOFFITT CANCER CENTER & RESEARCH INSTITUTE I,Acute Care Hospitals,12902 MAGNOLIA DR,TAMPA,FL,33612,HILLSBOROUGH,PCH-1,Adjuvant Chemotherapy Colon Cancer,15,17,,01/01/2017,12/31/2017
100271,H LEE MOFFITT CANCER CENTER & RESEARCH INSTITUTE I,Acute Care Hospitals,12902 MAGNOLIA DR,TAMPA,FL,33612,HILLSBOROUGH,PCH-2,Combination Chemotherapy Breast Cancer,58,63,,01/01/2017,12/31/2017
100271,H LEE MOFFITT CANCER CENTER & RESEARCH INSTITUTE I,Acute Care Hospitals,12902 MAGNOLIA DR,TAMPA,FL,33612,HILLSBOROUGH,PCH-3,Adjuvant Hormonal Therapy,434,462,,07/01/2016,06/30/2017
220162,DANA-FARBER CANCER INSTITUTE,Acute Care Hospitals,450 BROOKLINE AVENUE,BOSTON,MA,02115,SUFFOLK,PCH-1,Adjuvant Chemotherapy Colon Cancer,32,32,,01/01/2017,12/31/2017
220162,DANA-FARBER CANCER INSTITUTE,Acute Care Hospitals,450 BROOKLINE AVENUE,BOSTON,MA,02115,SUFFOLK,PCH-2,Combination Chemotherapy Breast Cancer,90,94,,01/01/2017,12/31/2017
220162,DANA-FARBER CANCER INSTITUTE,Acute Care Hospitals,450 BROOKLINE AVENUE,BOSTON,MA,02115,SUFFOLK,PCH-3,Adjuvant Hormonal Therapy,620,648,,07/01/2016,06/30/2017
330154,MEMORIAL HOSPITAL FOR CANCER AND ALLIED DISEASES,Acute Care Hospitals,1275 YORK AVENUE,NEW YORK,NY,10021,NEW YORK,PCH-1,Adjuvant Chemotherapy Colon Cancer,110,113,,01/01/2017,12/31/2017
330154,MEMORIAL HOSPITAL FOR CANCER AND ALLIED DISEASES,Acute Care Hospitals,1275 YORK AVENUE,NEW YORK,NY,10021,NEW YORK,PCH-2,Combination Chemotherapy Breast Cancer,193,199,,01/01/2017,12/31/2017
330154,MEMORIAL HOSPITAL FOR CANCER AND ALLIED DISEASES,Acute Care Hospitals,1275 YORK AVENUE,NEW YORK,NY,10021,NEW YORK,PCH-3,Adjuvant Hormonal Therapy,1139,1145,,07/01/2016,06/30/2017
330354,ROSWELL PARK CANCER INSTITUTE,Acute Care Hospitals,ELM AND CARLTON STREETS,BUFFALO,NY,14203,ERIE,PCH-1,Adjuvant Chemotherapy Colon Cancer,Not Available,Not Available,1,01/01/2017,12/31/2017
330354,ROSWELL PARK CANCER INSTITUTE,Acute Care Hospitals,ELM AND CARLTON STREETS,BUFFALO,NY,14203,ERIE,PCH-2,Combination Chemotherapy Breast Cancer,23,25,,01/01/2017,12/31/2017
330354,ROSWELL PARK CANCER INSTITUTE,Acute Care Hospitals,ELM AND CARLTON STREETS,BUFFALO,NY,14203,ERIE,PCH-3,Adjuvant Hormonal Therapy,151,158,,07/01/2016,06/30/2017
360242,JAMES CANCER HOSPITAL & SOLOVE RESEARCH INSTITUTE,Acute Care Hospitals,460 WEST TENTH AVENUE,COLUMBUS,OH,43210,FRANKLIN,PCH-1,Adjuvant Chemotherapy Colon Cancer,27,27,,01/01/2017,12/31/2017
360242,JAMES CANCER HOSPITAL & SOLOVE RESEARCH INSTITUTE,Acute Care Hospitals,460 WEST TENTH AVENUE,COLUMBUS,OH,43210,FRANKLIN,PCH-2,Combination Chemotherapy Breast Cancer,44,45,,01/01/2017,12/31/2017
360242,JAMES CANCER HOSPITAL & SOLOVE RESEARCH INSTITUTE,Acute Care Hospitals,460 WEST TENTH AVENUE,COLUMBUS,OH,43210,FRANKLIN,PCH-3,Adjuvant Hormonal Therapy,298,298,,07/01/2016,06/30/2017
390196,HOSPITAL OF THE FOX CHASE CANCER CENTER,Acute Care Hospitals,333 COTTMAN AVENUE,PHILADELPHIA,PA,19111,PHILADELPHIA,PCH-1,Adjuvant Chemotherapy Colon Cancer,25,25,,01/01/2017,12/31/2017
390196,HOSPITAL OF THE FOX CHASE CANCER CENTER,Acute Care Hospitals,333 COTTMAN AVENUE,PHILADELPHIA,PA,19111,PHILADELPHIA,PCH-2,Combination Chemotherapy Breast Cancer,22,22,,01/01/2017,12/31/2017
390196,HOSPITAL OF THE FOX CHASE CANCER CENTER,Acute Care Hospitals,333 COTTMAN AVENUE,PHILADELPHIA,PA,19111,PHILADELPHIA,PCH-3,Adjuvant Hormonal Therapy,168,178,,07/01/2016,06/30/2017
450076,"UNIVERSITY OF TEXAS M D ANDERSON CANCER CENTER,THE",Acute Care Hospitals,1515 HOLCOMBE BLVD,HOUSTON,TX,77030,HARRIS,PCH-1,Adjuvant Chemotherapy Colon Cancer,54,56,,01/01/2017,12/31/2017
450076,"UNIVERSITY OF TEXAS M D ANDERSON CANCER CENTER,THE",Acute Care Hospitals,1515 HOLCOMBE BLVD,HOUSTON,TX,77030,HARRIS,PCH-2,Combination Chemotherapy Breast Cancer,103,107,,01/01/2017,12/31/2017
450076,"UNIVERSITY OF TEXAS M D ANDERSON CANCER CENTER,THE",Acute Care Hospitals,1515 HOLCOMBE BLVD,HOUSTON,TX,77030,HARRIS,PCH-3,Adjuvant Hormonal Therapy,578,611,,07/01/2016,06/30/2017
500138,SEATTLE CANCER CARE ALLIANCE,Acute Care Hospitals,825 EASTLAKE AVENUE EAST,SEATTLE,WA,98109,KING,PCH-1,Adjuvant Chemotherapy Colon Cancer,18,18,,01/01/2017,12/31/2017
500138,SEATTLE CANCER CARE ALLIANCE,Acute Care Hospitals,825 EASTLAKE AVENUE EAST,SEATTLE,WA,98109,KING,PCH-2,Combination Chemotherapy Breast Cancer,26,30,,01/01/2017,12/31/2017
500138,SEATTLE CANCER CARE ALLIANCE,Acute Care Hospitals,825 EASTLAKE AVENUE EAST,SEATTLE,WA,98109,KING,PCH-3,Adjuvant Hormonal Therapy,273,292,,07/01/2016,06/30/2017
