"Measure Name","Measure ID","National payment","Number less than national payment","Number same as national payment","Number greater than national payment","Number of hospitals too few","Footnote","Measure Start Date","Measure End Date"
Payment for heart attack patients,PAYM_30_AMI,"$23,745",194,1907,200,1883,,07/01/2014,06/30/2017
Payment for heart failure patients,PAYM_30_HF,"$16,632",420,2594,547,1005,,07/01/2014,06/30/2017
Payment for pneumonia patients,PAYM_30_PN,"$17,415",895,2423,828,480,,07/01/2014,06/30/2017
Payment for hip/knee replacement patients,PAYM_90_HIP_KNEE,"$21,953",1037,1058,681,681,,04/01/2014,03/31/2017
