"Measure Name","Measure ID","Condition","Category","Score","Footnote","Measure Start Date","Measure End Date"
"Average (median) time patients spent in the emergency department, before they were admitted to the hospital as an inpatient A lower number of minutes is better",ED_1b,Emergency Department,ED1,256,"25 - State and National Averages include Veterans Health Administration (VHA) hospital data., 26 - State and national averages include Department of Defense (DoD) hospital data.",07/01/2017,06/30/2018
"Average time patients spent in the emergency department, before they were admitted to the hospital as an inpatient A lower number of minutes is better (high)",ED_1b_HIGH_MIN,Emergency Department,ED1 - Median time from emergency department arrival to emergency department departure for admitted emergency department patients,304,,07/01/2017,06/30/2018
"Average time patients spent in the emergency department, before they were admitted to the hospital as an inpatient A lower number of minutes is better (low)",ED_1b_LOW_MIN,Emergency Department,ED1 - Median time from emergency department arrival to emergency department departure for admitted emergency department patients,210,,07/01/2017,06/30/2018
"Average time patients spent in the emergency department, before they were admitted to the hospital as an inpatient A lower number of minutes is better (moderate)",ED_1b_MEDIUM_MIN,Emergency Department,ED1 - Median time from emergency department arrival to emergency department departure for admitted emergency department patients,261,,07/01/2017,06/30/2018
"Average time patients spent in the emergency department, before they were admitted to the hospital as an inpatient A lower number of minutes is better (high)",ED_1b_VERY_HIGH_MIN,Emergency Department,ED1 - Median time from emergency department arrival to emergency department departure for admitted emergency department patients,333,,07/01/2017,06/30/2018
"Average (median) time patients spent in the emergency department, after the doctor decided to admit them as an inpatient before leaving the emergency department for their inpatient room A lower number of minutes is better",ED_2b,Emergency Department,ED2,86,"25 - State and National Averages include Veterans Health Administration (VHA) hospital data., 26 - State and national averages include Department of Defense (DoD) hospital data.",07/01/2017,06/30/2018
"Average time patients spent in the emergency department, after the doctor decided to admit them as an inpatient before leaving the emergency department for their inpatient room A lower number of minutes is better (high)",ED_2b_HIGH_MIN,Emergency Department,ED2 - Admit decision time to emergency department departure time for admitted patient,122,,07/01/2017,06/30/2018
"Average time patients spent in the emergency department, after the doctor decided to admit them as an inpatient before leaving the emergency department for their inpatient room A lower number of minutes is better (low)",ED_2b_LOW_MIN,Emergency Department,ED2 - Admit decision time to emergency department departure time for admitted patient,57,,07/01/2017,06/30/2018
"Average time patients spent in the emergency department, after the doctor decided to admit them as an inpatient before leaving the emergency department for their inpatient room A lower number of minutes is better (moderate)",ED_2b_MEDIUM_MIN,Emergency Department,ED2 - Admit decision time to emergency department departure time for admitted patient,93,,07/01/2017,06/30/2018
"Average time patients spent in the emergency department, after the doctor decided to admit them as an inpatient before leaving the emergency department for their inpatient room A lower number of minutes is better (high)",ED_2b_VERY_HIGH_MIN,Emergency Department,ED2 - Admit decision time to emergency department departure time for admitted patient,144,,07/01/2017,06/30/2018
Patients assessed and given influenza vaccination Higher percentages are better,IMM_2,Preventive Care,Immunization for influenza,93,26 - State and national averages include Department of Defense (DoD) hospital data.,10/01/2017,03/31/2018
Healthcare workers given influenza vaccination Higher percentages are better,IMM_3_OP_27_FAC_ADHPCT,Preventive Care,Healthcare workers given influenza vaccination,89,,10/01/2017,03/31/2018
Average (median) time patients spent in the emergency department before leaving from the visit A lower number of minutes is better,OP_18b,Emergency Department,OP-18,137,"25 - State and National Averages include Veterans Health Administration (VHA) hospital data., 26 - State and national averages include Department of Defense (DoD) hospital data.",07/01/2017,06/30/2018
Average time patients spent in the emergency department before being sent home A lower number of minutes is better (high),OP_18b_HIGH_MIN,Emergency Department,OP18 - Median time from emergency department arrival to emergency department departure for discharged emergency department patients,162,,07/01/2017,06/30/2018
Average time patients spent in the emergency department before being sent home A lower number of minutes is better (low),OP_18b_LOW_MIN,Emergency Department,OP18 - Median time from emergency department arrival to emergency department departure for discharged emergency department patients,113,,07/01/2017,06/30/2018
Average time patients spent in the emergency department before being sent home A lower number of minutes is better (moderate),OP_18b_MEDIUM_MIN,Emergency Department,OP18 - Median time from emergency department arrival to emergency department departure for discharged emergency department patients,143,,07/01/2017,06/30/2018
Average time patients spent in the emergency department before being sent home A lower number of minutes is better (high),OP_18b_VERY_HIGH_MIN,Emergency Department,OP18 - Median time from emergency department arrival to emergency department departure for discharged emergency department patients,170,,07/01/2017,06/30/2018
Average (median) time patients spent in the emergency department before leaving from the visit- Psychiatric/Mental Health Patients.  A lower number of minutes is better,OP_18c,Emergency Department,OP-18,212,,07/01/2017,06/30/2018
Average time patients spent in the emergency department before leaving from the visit - Psychiatric/Mental Health Patients.  A lower number of minutes is better (high),OP_18c_HIGH_MIN,Emergency Department,OP18 - Median time from emergency department arrival to emergency department departure for discharged emergency department patients,262,,07/01/2017,06/30/2018
Average time patients spent in the emergency department before leaving from the visit - Psychiatric/Mental Health Patients.  A lower number of minutes is better (low),OP_18c_LOW_MIN,Emergency Department,OP18 - Median time from emergency department arrival to emergency department departure for discharged emergency department patients,171,,07/01/2017,06/30/2018
Average time patients spent in the emergency department before leaving from the visit - Psychiatric/Mental Health Patients.  A lower number of minutes is better (moderate),OP_18c_MEDIUM_MIN,Emergency Department,OP18 - Median time from emergency department arrival to emergency department departure for discharged emergency department patients,225,,07/01/2017,06/30/2018
Average time patients spent in the emergency department before leaving from the visit - Psychiatric/Mental Health Patients.  A lower number of minutes is better (very high),OP_18c_VERY_HIGH_MIN,Emergency Department,OP18 - Median time from emergency department arrival to emergency department departure for discharged emergency department patients,294,,07/01/2017,06/30/2018
Outpatients with chest pain or possible heart attack who got drugs to break up blood clots within 30 minutes of arrival Higher percentages are better,OP_2,Heart Attack or Chest Pain,Fibrinolytic Therapy Received Within 30 Minutes of ED Arrival,59,26 - State and national averages include Department of Defense (DoD) hospital data.,07/01/2017,06/30/2018
Percentage of patients who left the emergency department before being seen Lower percentages are better,OP_22,Emergency Department,Left before being seen,2,,01/01/2017,12/31/2017
Percentage of patients who came to the emergency department with stroke symptoms who received brain scan results within 45 minutes of arrival Higher percentages are better,OP_23,Emergency Department,Head CT results,73,,07/01/2017,06/30/2018
Percentage of patients receiving appropriate recommendation for follow-up screening colonoscopy Higher percentages are better,OP_29,Colonoscopy care,Endoscopy/polyp surveillance: appropriate follow-up interval for normal colonoscopy in average risk patients,88,26 - State and national averages include Department of Defense (DoD) hospital data.,01/01/2017,12/31/2017
Percentage of patients with history of polyps receiving follow-up colonoscopy in the appropriate timeframe Higher percentages are better,OP_30,Colonoscopy care,Endoscopy/polyp surveillance: colonoscopy interval for patients with a history of adenomatous polyps - avoidance of inappropriate use,90,26 - State and national averages include Department of Defense (DoD) hospital data.,01/01/2017,12/31/2017
Percentage of patients who had cataract surgery and had improvement in visual function within 90 days following the surgery Higher percentages are better,OP_31,Cataract surgery outcome,Improvement in Patient's Visual Function within 90 Days Following Cataract Surgery,95,,01/01/2017,12/31/2017
Percentage of patients receiving appropriate radiation therapy for cancer that has spread to the bone Higher percentages are better,OP_33,Cancer care,External Beam Radiotherapy for Bone Metastases,86,26 - State and national averages include Department of Defense (DoD) hospital data.,01/01/2017,12/31/2017
Average (median) number of minutes before outpatients with chest pain or possible heart attack who needed specialized care were transferred to another hospital A lower number of minutes is better,OP_3b,Heart Attack or Chest Pain,Median Time to Transfer to Another Facility for Acute Coronary Intervention,62,26 - State and national averages include Department of Defense (DoD) hospital data.,07/01/2017,06/30/2018
Average (median) number of minutes before outpatients with chest pain or possible heart attack got an ECG A lower number of minutes is better,OP_5,Heart Attack or Chest Pain,Median Time to ECG,8,26 - State and national averages include Department of Defense (DoD) hospital data.,07/01/2017,06/30/2018
"Percent of mothers whose deliveries were scheduled too early (1-2 weeks early), when a scheduled delivery was not medically necessaryLower percentages are better",PC_01,Pregnancy and Delivery Care,"Percent of newborns whose deliveries were scheduled early (1-3 weeks early), when a scheduled delivery was not medically necessary",2,26 - State and national averages include Department of Defense (DoD) hospital data.,07/01/2017,06/30/2018
Percentage of patients who received appropriate care for severe sepsis and septic shock. Higher percentages are better,SEP_1,Sepsis Care,Appropriate care for severe sepsis and septic shock,53,,07/01/2017,06/30/2018
Patients who developed a blood clot while in the hospital who did not get treatment that could have prevented it Lower percentages are better,VTE_6,Blood Clot Prevention and Treatment,Hospital acquired potentially preventable venous thromboembolism,3,26 - State and national averages include Department of Defense (DoD) hospital data.,07/01/2017,06/30/2018
