"Value of Care Measure Name","Value of Care Measure ID","Number of Hospitals","Measure Start Date","Measure End Date"
Value of Care for hip/knee replacement patients - Average complications & average payment,TOT_COMP_HIP_KNEE_AVERAGE_PAYM_90_HIP_KNEE_AVERAGE,1035,04/01/2014,03/31/2017
Value of Care for hip/knee replacement patients - Average complications & higher payment,TOT_COMP_HIP_KNEE_AVERAGE_PAYM_90_HIP_KNEE_HIGHER,656,04/01/2014,03/31/2017
Value of Care for hip/knee replacement patients - Average complications & lower payment,TOT_COMP_HIP_KNEE_AVERAGE_PAYM_90_HIP_KNEE_LOWER,973,04/01/2014,03/31/2017
Value of Care for hip/knee replacement patients - Better complications & average payment,TOT_COMP_HIP_KNEE_BETTER_PAYM_90_HIP_KNEE_AVERAGE,11,04/01/2014,03/31/2017
Value of Care for hip/knee replacement patients - Better complications & higher payment,TOT_COMP_HIP_KNEE_BETTER_PAYM_90_HIP_KNEE_HIGHER,3,04/01/2014,03/31/2017
Value of Care for hip/knee replacement patients - Better complications & lower payment,TOT_COMP_HIP_KNEE_BETTER_PAYM_90_HIP_KNEE_LOWER,54,04/01/2014,03/31/2017
Number of hospitals containing at least 25 hip/knee replacement cases,TOT_COMP_HIP_KNEE_NUM_HOSPITALS,2776,04/01/2014,03/31/2017
Value of Care for hip/knee replacement patients - Worse complications & average payment,TOT_COMP_HIP_KNEE_WORSE_PAYM_90_HIP_KNEE_AVERAGE,12,04/01/2014,03/31/2017
Value of Care for hip/knee replacement patients - Worse complications & higher payment,TOT_COMP_HIP_KNEE_WORSE_PAYM_90_HIP_KNEE_HIGHER,22,04/01/2014,03/31/2017
Value of Care for hip/knee replacement patients - Worse complications & lower payment,TOT_COMP_HIP_KNEE_WORSE_PAYM_90_HIP_KNEE_LOWER,10,04/01/2014,03/31/2017
Value of Care for heart attack patients - Average mortality & average payment,TOT_MORT_30_AMI_AVERAGE_PAYM_30_AMI_AVERAGE,1853,07/01/2014,06/30/2017
Value of Care for heart attack patients - Average mortality & higher payment,TOT_MORT_30_AMI_AVERAGE_PAYM_30_AMI_HIGHER,191,07/01/2014,06/30/2017
Value of Care for heart attack patients - Average mortality & lower payment,TOT_MORT_30_AMI_AVERAGE_PAYM_30_AMI_LOWER,186,07/01/2014,06/30/2017
Value of Care for heart attack patients - Better mortality & average payment,TOT_MORT_30_AMI_BETTER_PAYM_30_AMI_AVERAGE,33,07/01/2014,06/30/2017
Value of Care for heart attack patients - Better mortality & higher payment,TOT_MORT_30_AMI_BETTER_PAYM_30_AMI_HIGHER,5,07/01/2014,06/30/2017
Value of Care for heart attack patients - Better mortality & lower payment,TOT_MORT_30_AMI_BETTER_PAYM_30_AMI_LOWER,7,07/01/2014,06/30/2017
Number of hospitals containing at least 25 heart attack cases,TOT_MORT_30_AMI_NUM_HOSPITALS,2299,07/01/2014,06/30/2017
Value of Care for heart attack patients - Worse mortality & average payment,TOT_MORT_30_AMI_WORSE_PAYM_30_AMI_AVERAGE,19,07/01/2014,06/30/2017
Value of Care for heart attack patients - Worse mortality & higher payment,TOT_MORT_30_AMI_WORSE_PAYM_30_AMI_HIGHER,4,07/01/2014,06/30/2017
Value of Care for heart attack patients - Worse mortality & lower payment,TOT_MORT_30_AMI_WORSE_PAYM_30_AMI_LOWER,1,07/01/2014,06/30/2017
Value of Care for heart failure patients - Average mortality & average payment,TOT_MORT_30_HF_AVERAGE_PAYM_30_HF_AVERAGE,2396,07/01/2014,06/30/2017
Value of Care for heart failure patients - Average mortality & higher payment,TOT_MORT_30_HF_AVERAGE_PAYM_30_HF_HIGHER,448,07/01/2014,06/30/2017
Value of Care for heart failure patients - Average mortality & lower payment,TOT_MORT_30_HF_AVERAGE_PAYM_30_HF_LOWER,377,07/01/2014,06/30/2017
Value of Care for heart failure patients - Better mortality & average payment,TOT_MORT_30_HF_BETTER_PAYM_30_HF_AVERAGE,104,07/01/2014,06/30/2017
Value of Care for heart failure patients - Better mortality & higher payment,TOT_MORT_30_HF_BETTER_PAYM_30_HF_HIGHER,77,07/01/2014,06/30/2017
Value of Care for heart failure patients - Better mortality & lower payment,TOT_MORT_30_HF_BETTER_PAYM_30_HF_LOWER,16,07/01/2014,06/30/2017
Number of hospitals containing at least 25 heart failure cases,TOT_MORT_30_HF_NUM_HOSPITALS,3553,07/01/2014,06/30/2017
Value of Care for heart failure patients - Worse mortality & average payment,TOT_MORT_30_HF_WORSE_PAYM_30_HF_AVERAGE,86,07/01/2014,06/30/2017
Value of Care for heart failure patients - Worse mortality & higher payment,TOT_MORT_30_HF_WORSE_PAYM_30_HF_HIGHER,22,07/01/2014,06/30/2017
Value of Care for heart failure patients - Worse mortality & lower payment,TOT_MORT_30_HF_WORSE_PAYM_30_HF_LOWER,27,07/01/2014,06/30/2017
Value of Care for pneumonia patients - Average mortality & average payment,TOT_MORT_30_PN_AVERAGE_PAYM_30_PN_AVERAGE,2200,07/01/2014,06/30/2017
Value of Care for pneumonia patients - Average mortality & higher payment,TOT_MORT_30_PN_AVERAGE_PAYM_30_PN_HIGHER,678,07/01/2014,06/30/2017
Value of Care for pneumonia patients - Average mortality & lower payment,TOT_MORT_30_PN_AVERAGE_PAYM_30_PN_LOWER,802,07/01/2014,06/30/2017
Value of Care for pneumonia patients - Better mortality & average payment,TOT_MORT_30_PN_BETTER_PAYM_30_PN_AVERAGE,92,07/01/2014,06/30/2017
Value of Care for pneumonia patients - Better mortality & higher payment,TOT_MORT_30_PN_BETTER_PAYM_30_PN_HIGHER,91,07/01/2014,06/30/2017
Value of Care for pneumonia patients - Better mortality & lower payment,TOT_MORT_30_PN_BETTER_PAYM_30_PN_LOWER,39,07/01/2014,06/30/2017
Number of hospitals containing at least 25 pneumonia cases,TOT_MORT_30_PN_NUM_HOSPITALS,4144,07/01/2014,06/30/2017
Value of Care for pneumonia patients - Worse mortality & average payment,TOT_MORT_30_PN_WORSE_PAYM_30_PN_AVERAGE,129,07/01/2014,06/30/2017
Value of Care for pneumonia patients - Worse mortality & higher payment,TOT_MORT_30_PN_WORSE_PAYM_30_PN_HIGHER,59,07/01/2014,06/30/2017
Value of Care for pneumonia patients - Worse mortality & lower payment,TOT_MORT_30_PN_WORSE_PAYM_30_PN_LOWER,54,07/01/2014,06/30/2017
