Measure Name,Measure ID,Measure Start Quarter,Measure Start Date,Measure End Quarter,Measure End Date
Communication with nurses (summary measure),Composite 1 Q1 to Q3,3Q2017,07/01/2017,2Q2018,06/30/2018
Communication with doctors (summary measure),Composite 2 Q5 to Q7,3Q2017,07/01/2017,2Q2018,06/30/2018
Responsiveness of hospital staff (summary measure),Composite 3 Q4 to Q11,3Q2017,07/01/2017,2Q2018,06/30/2018
Communication about medicines (summary measure),Composite 5 Q16 to Q17,3Q2017,07/01/2017,2Q2018,06/30/2018
Discharge information (summary measure),Composite 6 Q19 to Q20,3Q2017,07/01/2017,2Q2018,06/30/2018
HCAHPS Care Transition Measure (CTM) [Composite of questions 23 through 25],Composite 7 (Q23 to 25),3Q2017,07/01/2017,2Q2018,06/30/2018
Median time from ED arrival to ED departure for admitted ED patients,ED_1b,3Q2017,07/01/2017,2Q2018,06/30/2018
Admit Decision Time to ED Departure Time for Admitted Patients,ED_2b,3Q2017,07/01/2017,2Q2018,06/30/2018
Hours of physical-restraint use,HBIPS_2,1Q2017,01/01/2017,4Q2017,12/31/2017
Hours of seclusion,HBIPS_3,1Q2017,01/01/2017,4Q2017,12/31/2017
Patients discharged on multiple antipsychotic medications with appropriate justification,HBIPS_5,1Q2017,01/01/2017,4Q2017,12/31/2017
Cleanliness of hospital environment - star rating,H_CLEAN_STAR_RATING,3Q2017,07/01/2017,2Q2018,06/30/2018
Communication with nurses - star rating,H_COMP_1_STAR_RATING,3Q2017,07/01/2017,2Q2018,06/30/2018
Communication with doctors  - star rating,H_COMP_2_STAR_RATING,3Q2017,07/01/2017,2Q2018,06/30/2018
Responsiveness of hospital staff  - star rating,H_COMP_3_STAR_RATING,3Q2017,07/01/2017,2Q2018,06/30/2018
Communication about medicines  - star rating,H_COMP_5_STAR_RATING,3Q2017,07/01/2017,2Q2018,06/30/2018
Discharge information- star rating,H_COMP_6_STAR_RATING,3Q2017,07/01/2017,2Q2018,06/30/2018
Care Transition - star rating,H_COMP_7_STAR_RATING,3Q2017,07/01/2017,2Q2018,06/30/2018
Patient hospital 1-10 rating - star rating,H_HSP_RATING_STAR_RATIN,3Q2017,07/01/2017,2Q2018,06/30/2018
Quietness of hospital environment  - star rating,H_QUIET_STAR_RATING,3Q2017,07/01/2017,2Q2018,06/30/2018
Recommend hospital - star rating,H_RECMND_STAR_RATING,3Q2017,07/01/2017,2Q2018,06/30/2018
Immunization for influenza,IMM_2,4Q2017,10/01/2017,1Q2018,03/31/2018
Healthcare worker Influenza vaccination,IMM_3_OP_27,4Q2017,10/01/2017,1Q2018,03/31/2018
Linear Score,Linear Score,3Q2017,07/01/2017,2Q2018,06/30/2018
Median time from ED arrival to ED departure for discharged ED patients,OP_18b,3Q2017,07/01/2017,2Q2018,06/30/2018
Fibrinolytic Therapy Received Within 30 Minutes of ED Arrival,OP_2,3Q2017,07/01/2017,2Q2018,06/30/2018
Head CT scan results for acute ischemic stroke or hemorrhagic stroke who received head C,OP_23,3Q2017,07/01/2017,2Q2018,06/30/2018
Median Time to transfer to another facility for acute coronary intervention,OP_3b,3Q2017,07/01/2017,2Q2018,06/30/2018
Median Time to ECG,OP_5,3Q2017,07/01/2017,2Q2018,06/30/2018
Postoperative kidney & diabetic complications,PSI_10,4Q2015,10/01/2015,2Q2017,06/30/2017
Postoperative respiratory failure rate,PSI_11,4Q2015,10/01/2015,2Q2017,06/30/2017
Postoperative pulmonary embolism or deep vein thrombosis rate,PSI_12,4Q2015,10/01/2015,2Q2017,06/30/2017
Postoperative Sepsis Rate,PSI_13,4Q2015,10/01/2015,2Q2017,06/30/2017
Postoperative wound dehiscence,PSI_14,4Q2015,10/01/2015,2Q2017,06/30/2017
Accidental puncture or laceration,PSI_15,4Q2015,10/01/2015,2Q2017,06/30/2017
Pressure Ulcer Rate,PSI_3,4Q2015,10/01/2015,2Q2017,06/30/2017
"Death among surgical patients with serious, treatable complications",PSI_4,4Q2015,10/01/2015,2Q2017,06/30/2017
Iatrogenic pneumothorax,PSI_6,4Q2015,10/01/2015,2Q2017,06/30/2017
Central Venous Catheter-Related Bloodstream Infections Rate,PSI_7,4Q2015,10/01/2015,2Q2017,06/30/2017
Postoperative Hip Fracture Rate,PSI_8,4Q2015,10/01/2015,2Q2017,06/30/2017
Perioperative bleeding/ bruise,PSI_9,4Q2015,10/01/2015,2Q2017,06/30/2017
Overall rating of hospital (global measure),Q21,3Q2017,07/01/2017,2Q2018,06/30/2018
Willingness to recommend the hospital (global measure),Q22,3Q2017,07/01/2017,2Q2018,06/30/2018
Cleanliness of hospital environment (individual measure),Q8,3Q2017,07/01/2017,2Q2018,06/30/2018
Quietness of hospital environment (individual measure),Q9,3Q2017,07/01/2017,2Q2018,06/30/2018
Alcohol Use Screening,SUB_1,1Q2017,01/01/2017,4Q2017,12/31/2017
Patient survey summary star rating,Star Rating,3Q2017,07/01/2017,2Q2018,06/30/2018
Tobacco Use Screening,TOB_1,1Q2017,01/01/2017,4Q2017,12/31/2017
Tobacco Use Treatment Provided or Offered,TOB_2,1Q2017,01/01/2017,4Q2017,12/31/2017
Acute Myocardial Infarction (AMI) 30-day mortality rate,VA_MORT_30_AMI,3Q2014,07/01/2014,2Q2017,06/30/2017
Chronic Obstructive Pulmonary Disease (COPD) 30-day mortality rate,VA_MORT_30_COPD,3Q2014,07/01/2014,2Q2017,06/30/2017
Heart Failure (HF) 30-day mortality rate,VA_MORT_30_HF,3Q2014,07/01/2014,2Q2017,06/30/2017
Pneumonia (PN) 30-day mortality rate,VA_MORT_30_PN,3Q2014,07/01/2014,2Q2017,06/30/2017
Acute Myocardial Infarction (AMI) 30-day readmission rate,VA_READM_30_AMI,3Q2014,07/01/2014,2Q2017,06/30/2017
Chronic Obstructive Pulmonary Disease (COPD) 30-day readmission rate,VA_READM_30_COPD,3Q2014,07/01/2014,2Q2017,06/30/2017
Heart Failure (HF) 30-day readmission rate,VA_READM_30_HF,3Q2014,07/01/2014,2Q2017,06/30/2017
Pneumonia (PN) 30-day readmission rate,VA_READM_30_PN,3Q2014,07/01/2014,2Q2017,06/30/2017
Hospital Acquired Potentially-Preventable Venous Thromboembolism,VTE_6,3Q2017,07/01/2017,2Q2018,06/30/2018
