"Measure ID","Measure Name","Condition","Category","Score","Footnote","Start Date","End Date"
HCP_COVID_19,Percentage of healthcare personnel who completed COVID-19 primary vaccination series,Healthcare Personnel Vaccination,Healthcare workers given COVID-19 vaccination,90,,04/01/2022,06/30/2022
IMM_3,Healthcare workers given influenza vaccination Higher percentages are better,Healthcare Personnel Vaccination,Healthcare workers given influenza vaccination,80,,10/01/2021,03/31/2022
OP_18b,Average (median) time patients spent in the emergency department before leaving from the visit A lower number of minutes is better,Emergency Department,OP-18,160,"25, 26",07/01/2021,06/30/2022
OP_18b_HIGH_MIN,Average time patients spent in the emergency department before being sent home A lower number of minutes is better (high),Emergency Department,OP18 - Median time from emergency department arrival to emergency department departure for discharged emergency department patients,204,"25, 26",07/01/2021,06/30/2022
OP_18b_LOW_MIN,Average time patients spent in the emergency department before being sent home A lower number of minutes is better (low),Emergency Department,OP18 - Median time from emergency department arrival to emergency department departure for discharged emergency department patients,127,"25, 26",07/01/2021,06/30/2022
OP_18b_MEDIUM_MIN,Average time patients spent in the emergency department before being sent home A lower number of minutes is better (moderate),Emergency Department,OP18 - Median time from emergency department arrival to emergency department departure for discharged emergency department patients,171,"25, 26",07/01/2021,06/30/2022
OP_18b_NINETIETH,Top ten percent time patients spent in the emergency department before being sent home A lower number of minutes is better,Emergency Department,OP18 - Median time from emergency department arrival to emergency department departure for discharged emergency department patients,101,"25, 26",07/01/2021,06/30/2022
OP_18b_VERY_HIGH_MIN,Average time patients spent in the emergency department before being sent home A lower number of minutes is better (high),Emergency Department,OP18 - Median time from emergency department arrival to emergency department departure for discharged emergency department patients,190,"25, 26",07/01/2021,06/30/2022
OP_18c,Average (median) time patients spent in the emergency department before leaving from the visit- Psychiatric/Mental Health Patients.  A lower number of minutes is better,Emergency Department,OP-18,266,25,07/01/2021,06/30/2022
OP_18c_HIGH_MIN,Average time patients spent in the emergency department before leaving from the visit - Psychiatric/Mental Health Patients.  A lower number of minutes is better (high),Emergency Department,OP18 - Median time from emergency department arrival to emergency department departure for discharged emergency department patients,345,25,07/01/2021,06/30/2022
OP_18c_LOW_MIN,Average time patients spent in the emergency department before leaving from the visit - Psychiatric/Mental Health Patients.  A lower number of minutes is better (low),Emergency Department,OP18 - Median time from emergency department arrival to emergency department departure for discharged emergency department patients,204,25,07/01/2021,06/30/2022
OP_18c_MEDIUM_MIN,Average time patients spent in the emergency department before leaving from the visit - Psychiatric/Mental Health Patients.  A lower number of minutes is better (moderate),Emergency Department,OP18 - Median time from emergency department arrival to emergency department departure for discharged emergency department patients,271,25,07/01/2021,06/30/2022
OP_18c_NINETIETH,Top ten percent time patients spent in the emergency department before leaving from the visit - Psychiatric/Mental Health Patients. A lower number of minutes is better,Emergency Department,OP18 - Median time from emergency department arrival to emergency department departure for discharged emergency department patients,131,25,07/01/2021,06/30/2022
OP_18c_VERY_HIGH_MIN,Average time patients spent in the emergency department before leaving from the visit - Psychiatric/Mental Health Patients.  A lower number of minutes is better (very high),Emergency Department,OP18 - Median time from emergency department arrival to emergency department departure for discharged emergency department patients,333,25,07/01/2021,06/30/2022
OP_2,Outpatients with chest pain or possible heart attack who got drugs to break up blood clots within 30 minutes of arrival Higher percentages are better,Heart Attack or Chest Pain,Fibrinolytic Therapy Received Within 30 Minutes of ED Arrival,51,26,07/01/2021,06/30/2022
OP_22,Percentage of patients who left the emergency department before being seen Lower percentages are better,Emergency Department,Left before being seen,3,"25, 26",01/01/2021,12/31/2021
OP_22_NINETIETH,Top ten percent patients who left the emergency department before being seen Lower percentages are better,Emergency Department,Left before being seen,0,"25, 26",01/01/2021,12/31/2021
OP_23,Percentage of patients who came to the emergency department with stroke symptoms who received brain scan results within 45 minutes of arrival Higher percentages are better,Emergency Department,Head CT results,69,25,07/01/2021,06/30/2022
OP_23_NINETIETH,Top ten percent patients who came to the emergency department with stroke symptoms who received brain scan results within 45 minutes of arrival Higher percentages are better,Emergency Department,Head CT results,100,25,07/01/2021,06/30/2022
OP_29,Percentage of patients receiving appropriate recommendation for follow-up screening colonoscopy Higher percentages are better,Colonoscopy care,Endoscopy/polyp surveillance: appropriate follow-up interval for normal colonoscopy in average risk patients,91,"25, 26",01/01/2021,12/31/2021
OP_29_NINETIETH,Top ten percent patients receiving appropriate recommendation for follow-up screening colonoscopy Higher percentages are better,Colonoscopy care,Endoscopy/polyp surveillance: appropriate follow-up interval for normal colonoscopy in average risk patients,100,"25, 26",01/01/2021,12/31/2021
OP_2_NINETIETH,Top ten percent outpatients with chest pain or possible heart attack who got drugs to break up blood clots within 30 minutes of arrival Higher percentages are better,Heart Attack or Chest Pain,Fibrinolytic Therapy Received Within 30 Minutes of ED Arrival,100,26,07/01/2021,06/30/2022
OP_31,Percentage of patients who had cataract surgery and had improvement in visual function within 90 days following the surgery Higher percentages are better,Cataract surgery outcome,Improvement in Patient's Visual Function within 90 Days Following Cataract Surgery,99,,01/01/2021,12/31/2021
OP_31_NINETIETH,Top ten percent patients who had cataract surgery and had improvement in visual function within 90 days following the surgery Higher percentages are better,Cataract surgery outcome,Improvement in Patient's Visual Function within 90 Days Following Cataract Surgery,100,,01/01/2021,12/31/2021
OP_3b,Average (median) number of minutes before outpatients with chest pain or possible heart attack who needed specialized care were transferred to another hospital A lower number of minutes is better,Heart Attack or Chest Pain,Median Time to Transfer to Another Facility for Acute Coronary Intervention,63,26,07/01/2021,06/30/2022
OP_3b_NINETIETH,Top ten percent number of minutes before outpatients with chest pain or possible heart attack who needed specialized care were transferred to another hospital A lower number of minutes is better,Heart Attack or Chest Pain,Median Time to Transfer to Another Facility for Acute Coronary Intervention,41,26,07/01/2021,06/30/2022
SEP_1,Percentage of patients who received appropriate care for severe sepsis and septic shock. Higher percentages are better,Sepsis Care,Appropriate care for severe sepsis and septic shock,58,"25, 26",07/01/2021,06/30/2022
SEP_1_NINETIETH,Top ten percent patients who received appropriate care for severe sepsis and septic shock. Higher percentages are better,Sepsis Care,Appropriate care for severe sepsis and septic shock,78,"25, 26",07/01/2021,06/30/2022
SEP_SH_3HR,Septic Shock 3-Hour Bundle,Sepsis Care,Appropriate care for severe sepsis and septic shock,65,"25, 26",07/01/2021,06/30/2022
SEP_SH_3HR_NINETIETH,Top Ten Percent Septic Shock 3-Hour Bundle,Sepsis Care,Appropriate care for severe sepsis and septic shock,93,"25, 26",07/01/2021,06/30/2022
SEP_SH_6HR,Septic Shock 6-Hour Bundle,Sepsis Care,Appropriate care for severe sepsis and septic shock,84,"25, 26",07/01/2021,06/30/2022
SEP_SH_6HR_NINETIETH,Top Ten Percent Septic Shock 6-Hour Bundle,Sepsis Care,Appropriate care for severe sepsis and septic shock,100,"25, 26",07/01/2021,06/30/2022
SEV_SEP_3HR,Severe Sepsis 3-Hour Bundle,Sepsis Care,Appropriate care for severe sepsis and septic shock,78,"25, 26",07/01/2021,06/30/2022
SEV_SEP_3HR_NINETIETH,Top Ten Percent Severe Sepsis 3-Hour Bundle,Sepsis Care,Appropriate care for severe sepsis and septic shock,92,"25, 26",07/01/2021,06/30/2022
SEV_SEP_6HR,Severe Sepsis 6-Hour Bundle,Sepsis Care,Appropriate care for severe sepsis and septic shock,89,"25, 26",07/01/2021,06/30/2022
SEV_SEP_6HR_NINETIETH,Top Ten Percent Severe Sepsis 6-Hour Bundle,Sepsis Care,Appropriate care for severe sepsis and septic shock,100,"25, 26",07/01/2021,06/30/2022
