"Facility ID","Facility Name","MSA","MSA Title","HCAHPS HLMR","HCAHPS HLMR Percentile","HCAHPS Start Date","HCAHPS End Date","HCAHPS Footnote","COMP-HIP-KNEE","COMP-HIP-KNEE Percentile","COMP Start Date","COMP End Date","COMP Footnote","PRO","PRO Start Date","PRO End Date","Reconciliation Footnote"
010023,BAPTIST MEDICAL CENTER SOUTH,33860,"Montgomery, AL",83.75,47%,07/01/2021,06/30/2022,,2.66366,86%,04/01/2019,03/31/2022,,N,07/01/2021,06/30/2022,
040026,CHI ST. VINCENT HOSPITAL HOT SPRINGS,26300,"Hot Springs, AR",83.69,46%,07/01/2021,06/30/2022,,2.59858,89%,04/01/2019,03/31/2022,,N,07/01/2021,06/30/2022,
040078,NATIONAL PARK MEDICAL CENTER,26300,"Hot Springs, AR",78.94,8%,07/01/2021,06/30/2022,,4.12348,6%,04/01/2019,03/31/2022,,N,07/01/2021,06/30/2022,*
050056,ANTELOPE VALLEY HOSPITAL,31080,"Los Angeles-Long Beach-Anaheim, CA",80.69,16%,07/01/2021,06/30/2022,,2.74486,81%,04/01/2019,03/31/2022,,N,07/01/2021,06/30/2022,
050069,PROVIDENCE ST JOSEPH HOSPITAL,31080,"Los Angeles-Long Beach-Anaheim, CA",84.81,62%,07/01/2021,06/30/2022,,2.93553,65%,04/01/2019,03/31/2022,,N,07/01/2021,06/30/2022,
050078,PROVIDENCE LITTLE CO OF MARY MED CTR SAN PEDRO,31080,"Los Angeles-Long Beach-Anaheim, CA",83.19,40%,07/01/2021,06/30/2022,,N/A,N/A,04/01/2019,03/31/2022,1,N,07/01/2021,06/30/2022,
050096,WEST COVINA MEDICAL CENTER,31080,"Los Angeles-Long Beach-Anaheim, CA",N/A,N/A,07/01/2021,06/30/2022,***,N/A,N/A,04/01/2019,03/31/2022,1,N,07/01/2021,06/30/2022,
050104,SAINT FRANCIS MEDICAL CENTER,31080,"Los Angeles-Long Beach-Anaheim, CA",78.13,5%,07/01/2021,06/30/2022,,N/A,N/A,04/01/2019,03/31/2022,1,N,07/01/2021,06/30/2022,
050116,NORTHRIDGE HOSPITAL MEDICAL CENTER,31080,"Los Angeles-Long Beach-Anaheim, CA",84.25,54%,07/01/2021,06/30/2022,,2.88767,69%,04/01/2019,03/31/2022,,N,07/01/2021,06/30/2022,
050124,USC VERDUGO HILLS HOSPITAL,31080,"Los Angeles-Long Beach-Anaheim, CA",82.94,37%,07/01/2021,06/30/2022,,3.47869,26%,04/01/2019,03/31/2022,,N,07/01/2021,06/30/2022,
050126,VALLEY PRESBYTERIAN HOSPITAL,31080,"Los Angeles-Long Beach-Anaheim, CA",82.5,32%,07/01/2021,06/30/2022,,3.58919,20%,04/01/2019,03/31/2022,,N,07/01/2021,06/30/2022,*
050132,SAN GABRIEL VALLEY MEDICAL CENTER,31080,"Los Angeles-Long Beach-Anaheim, CA",82.56,32%,07/01/2021,06/30/2022,,3.09996,51%,04/01/2019,03/31/2022,,N,07/01/2021,06/30/2022,
050135,SOUTHERN CALIFORNIA HOSPITAL AT HOLLYWOOD,31080,"Los Angeles-Long Beach-Anaheim, CA",68.31,0%,07/01/2021,06/30/2022,,N/A,N/A,04/01/2019,03/31/2022,1,N,07/01/2021,06/30/2022,
050168,PROVIDENCE ST JUDE MEDICAL CENTER,31080,"Los Angeles-Long Beach-Anaheim, CA",84.88,63%,07/01/2021,06/30/2022,,4.08517,6%,04/01/2019,03/31/2022,,N,07/01/2021,06/30/2022,
050169,PIH HEALTH HOSPITAL-WHITTIER,31080,"Los Angeles-Long Beach-Anaheim, CA",85.75,74%,07/01/2021,06/30/2022,,3.13939,49%,04/01/2019,03/31/2022,,N,07/01/2021,06/30/2022,
050191,ST MARY MEDICAL CENTER,31080,"Los Angeles-Long Beach-Anaheim, CA",82.88,36%,07/01/2021,06/30/2022,,N/A,N/A,04/01/2019,03/31/2022,1,N,07/01/2021,06/30/2022,
050204,PALMDALE REGIONAL MEDICAL CENTER,31080,"Los Angeles-Long Beach-Anaheim, CA",82.31,30%,07/01/2021,06/30/2022,,5.19895,0%,04/01/2019,03/31/2022,,N,07/01/2021,06/30/2022,*
050224,HOAG MEMORIAL HOSPITAL PRESBYTERIAN,31080,"Los Angeles-Long Beach-Anaheim, CA",86.06,77%,07/01/2021,06/30/2022,,N/A,N/A,04/01/2019,03/31/2022,5,N,07/01/2021,06/30/2022,
050226,AHMC ANAHEIM REGIONAL MEDICAL CENTER,31080,"Los Angeles-Long Beach-Anaheim, CA",81.5,22%,07/01/2021,06/30/2022,,N/A,N/A,04/01/2019,03/31/2022,1,N,07/01/2021,06/30/2022,
050230,GARDEN GROVE HOSPITAL & MEDICAL CENTER,31080,"Los Angeles-Long Beach-Anaheim, CA",77.88,5%,07/01/2021,06/30/2022,,N/A,N/A,04/01/2019,03/31/2022,5,N,07/01/2021,06/30/2022,
050231,POMONA VALLEY HOSPITAL MEDICAL CENTER,31080,"Los Angeles-Long Beach-Anaheim, CA",81.56,22%,07/01/2021,06/30/2022,,2.85966,72%,04/01/2019,03/31/2022,,N,07/01/2021,06/30/2022,
050238,METHODIST HOSPITAL OF SOUTHERN CA,31080,"Los Angeles-Long Beach-Anaheim, CA",82.25,29%,07/01/2021,06/30/2022,,3.07547,53%,04/01/2019,03/31/2022,,N,07/01/2021,06/30/2022,
050281,ALHAMBRA HOSPITAL MEDICAL CENTER,31080,"Los Angeles-Long Beach-Anaheim, CA",85.56,72%,07/01/2021,06/30/2022,,N/A,N/A,04/01/2019,03/31/2022,1,N,07/01/2021,06/30/2022,
050350,BEVERLY HOSPITAL,31080,"Los Angeles-Long Beach-Anaheim, CA",80.75,16%,07/01/2021,06/30/2022,,N/A,N/A,04/01/2019,03/31/2022,1,N,07/01/2021,06/30/2022,
050351,TORRANCE MEMORIAL MEDICAL CENTER,31080,"Los Angeles-Long Beach-Anaheim, CA",85.5,71%,07/01/2021,06/30/2022,,1.9272,99%,04/01/2019,03/31/2022,,N,07/01/2021,06/30/2022,
050353,PROVIDENCE LITTLE COMPANY OF MARY MEDICAL CENTER TORRANCE,31080,"Los Angeles-Long Beach-Anaheim, CA",83.88,49%,07/01/2021,06/30/2022,,2.79502,78%,04/01/2019,03/31/2022,,N,07/01/2021,06/30/2022,
050376,LAC/HARBOR-UCLA MED CENTER,31080,"Los Angeles-Long Beach-Anaheim, CA",80.31,13%,07/01/2021,06/30/2022,,N/A,N/A,04/01/2019,03/31/2022,1,N,07/01/2021,06/30/2022,
050382,EMANATE HEALTH INTER-COMMUNITY HOSPITAL,31080,"Los Angeles-Long Beach-Anaheim, CA",80.31,13%,07/01/2021,06/30/2022,,3.07253,54%,04/01/2019,03/31/2022,,N,07/01/2021,06/30/2022,
050393,PIH HOSPITAL - DOWNEY,31080,"Los Angeles-Long Beach-Anaheim, CA",84.19,53%,07/01/2021,06/30/2022,,3.33619,35%,04/01/2019,03/31/2022,,N,07/01/2021,06/30/2022,
050426,WEST ANAHEIM MEDICAL CENTER,31080,"Los Angeles-Long Beach-Anaheim, CA",78.19,6%,07/01/2021,06/30/2022,,N/A,N/A,04/01/2019,03/31/2022,1,N,07/01/2021,06/30/2022,
050471,GOOD SAMARITAN HOSPITAL,31080,"Los Angeles-Long Beach-Anaheim, CA",81.25,20%,07/01/2021,06/30/2022,,3.86367,11%,04/01/2019,03/31/2022,,N,07/01/2021,06/30/2022,*
050481,WEST HILLS HOSPITAL & MEDICAL CENTER,31080,"Los Angeles-Long Beach-Anaheim, CA",81.06,18%,07/01/2021,06/30/2022,,3.01017,69%,04/01/2019,03/31/2022,,N,07/01/2021,06/30/2022,
050485,LONG BEACH MEMORIAL MEDICAL CENTER,31080,"Los Angeles-Long Beach-Anaheim, CA",84.44,56%,07/01/2021,06/30/2022,,3.5738,21%,04/01/2019,03/31/2022,,N,07/01/2021,06/30/2022,
050526,HUNTINGTON BEACH HOSPITAL,31080,"Los Angeles-Long Beach-Anaheim, CA",77,3%,07/01/2021,06/30/2022,,N/A,N/A,04/01/2019,03/31/2022,5,N,07/01/2021,06/30/2022,
050551,LOS ALAMITOS MEDICAL CENTER,31080,"Los Angeles-Long Beach-Anaheim, CA",78.38,6%,07/01/2021,06/30/2022,,N/A,N/A,04/01/2019,03/31/2022,1,N,07/01/2021,06/30/2022,
050570,FOUNTAIN VALLEY REGIONAL HOSPITAL & MEDICAL CENTER,31080,"Los Angeles-Long Beach-Anaheim, CA",78,5%,07/01/2021,06/30/2022,,3.13421,49%,04/01/2019,03/31/2022,,N,07/01/2021,06/30/2022,
050580,LA PALMA INTERCOMMUNITY HOSPITAL,31080,"Los Angeles-Long Beach-Anaheim, CA",78.5,6%,07/01/2021,06/30/2022,,N/A,N/A,04/01/2019,03/31/2022,1,N,07/01/2021,06/30/2022,
050581,LAKEWOOD REGIONAL MEDICAL CENTER,31080,"Los Angeles-Long Beach-Anaheim, CA",78.31,6%,07/01/2021,06/30/2022,,3.42561,29%,04/01/2019,03/31/2022,,N,07/01/2021,06/30/2022,*
050588,SAN DIMAS COMMUNITY HOSPITAL,31080,"Los Angeles-Long Beach-Anaheim, CA",78.75,7%,07/01/2021,06/30/2022,,N/A,N/A,04/01/2019,03/31/2022,1,N,07/01/2021,06/30/2022,
050589,PLACENTIA LINDA HOSPITAL,31080,"Los Angeles-Long Beach-Anaheim, CA",81.81,25%,07/01/2021,06/30/2022,,2.92728,66%,04/01/2019,03/31/2022,,N,07/01/2021,06/30/2022,
050597,EMANATE HEALTH FOOTHILL PRESBYTERIAN HOSPITAL,31080,"Los Angeles-Long Beach-Anaheim, CA",82.94,37%,07/01/2021,06/30/2022,,N/A,N/A,04/01/2019,03/31/2022,1,N,07/01/2021,06/30/2022,
050603,MEMORIALCARE SADDLEBACK MEDICAL CENTER,31080,"Los Angeles-Long Beach-Anaheim, CA",84.13,52%,07/01/2021,06/30/2022,,N/A,N/A,04/01/2019,03/31/2022,1,N,07/01/2021,06/30/2022,
050624,HENRY MAYO NEWHALL  HOSPITAL,31080,"Los Angeles-Long Beach-Anaheim, CA",83.31,42%,07/01/2021,06/30/2022,,N/A,N/A,04/01/2019,03/31/2022,1,N,07/01/2021,06/30/2022,
050663,LOS ANGELES COMMUNITY HOSPITAL,31080,"Los Angeles-Long Beach-Anaheim, CA",68.5,0%,07/01/2021,06/30/2022,,N/A,N/A,04/01/2019,03/31/2022,1,N,07/01/2021,06/30/2022,
050678,MEMORIALCARE ORANGE COAST MEDICAL CENTER,31080,"Los Angeles-Long Beach-Anaheim, CA",83.75,47%,07/01/2021,06/30/2022,,3.43691,28%,04/01/2019,03/31/2022,,N,07/01/2021,06/30/2022,
050696,KECK HOSPITAL OF USC,31080,"Los Angeles-Long Beach-Anaheim, CA",86.19,79%,07/01/2021,06/30/2022,,2.98049,62%,04/01/2019,03/31/2022,,N,07/01/2021,06/30/2022,
050704,MISSION COMMUNITY HOSPITAL,31080,"Los Angeles-Long Beach-Anaheim, CA",74.38,1%,07/01/2021,06/30/2022,,3.362,33%,04/01/2019,03/31/2022,,N,07/01/2021,06/30/2022,
050717,LAC/RANCHO LOS AMIGOS NATIONAL REHABILITATION  CENTER,31080,"Los Angeles-Long Beach-Anaheim, CA",86.69,84%,07/01/2021,06/30/2022,,N/A,N/A,04/01/2019,03/31/2022,1,N,07/01/2021,06/30/2022,
050735,WHITTIER HOSPITAL MEDICAL CENTER,31080,"Los Angeles-Long Beach-Anaheim, CA",80.31,13%,07/01/2021,06/30/2022,,N/A,N/A,04/01/2019,03/31/2022,1,N,07/01/2021,06/30/2022,
050736,MONTEREY PARK HOSPITAL,31080,"Los Angeles-Long Beach-Anaheim, CA",78.69,7%,07/01/2021,06/30/2022,,N/A,N/A,04/01/2019,03/31/2022,1,N,07/01/2021,06/30/2022,
050737,GARFIELD MEDICAL CENTER,31080,"Los Angeles-Long Beach-Anaheim, CA",82.44,31%,07/01/2021,06/30/2022,,N/A,N/A,04/01/2019,03/31/2022,1,N,07/01/2021,06/30/2022,
050739,CENTINELA HOSPITAL MEDICAL CENTER,31080,"Los Angeles-Long Beach-Anaheim, CA",77.88,5%,07/01/2021,06/30/2022,,N/A,N/A,04/01/2019,03/31/2022,1,N,07/01/2021,06/30/2022,
050740,CEDAR-SINAI MARINA DEL REY HOSPITAL,31080,"Los Angeles-Long Beach-Anaheim, CA",82.13,28%,07/01/2021,06/30/2022,,3.97864,8%,04/01/2019,03/31/2022,,N,07/01/2021,06/30/2022,*
050745,CHAPMAN GLOBAL MEDICAL CENTER,31080,"Los Angeles-Long Beach-Anaheim, CA",80.88,17%,07/01/2021,06/30/2022,,3.09392,52%,04/01/2019,03/31/2022,,N,07/01/2021,06/30/2022,
050746,ORANGE COUNTY GLOBAL MEDICAL CENTER,31080,"Los Angeles-Long Beach-Anaheim, CA",80.13,12%,07/01/2021,06/30/2022,,N/A,N/A,04/01/2019,03/31/2022,1,N,07/01/2021,06/30/2022,
050755,SHERMAN OAKS HOSPITAL,31080,"Los Angeles-Long Beach-Anaheim, CA",76.25,2%,07/01/2021,06/30/2022,,N/A,N/A,04/01/2019,03/31/2022,1,N,07/01/2021,06/30/2022,
050763,"L A DOWNTOWN MEDICAL CENTER, LLC",31080,"Los Angeles-Long Beach-Anaheim, CA",N/A,N/A,07/01/2021,06/30/2022,***,N/A,N/A,04/01/2019,03/31/2022,1,N,07/01/2021,06/30/2022,
050769,HOAG ORTHOPEDIC INSTITUTE,31080,"Los Angeles-Long Beach-Anaheim, CA",88.94,95%,07/01/2021,06/30/2022,,2.72427,82%,04/01/2019,03/31/2022,,N,07/01/2021,06/30/2022,
070005,WATERBURY HOSPITAL,35300,"New Haven-Milford, CT",80.88,17%,07/01/2021,06/30/2022,,3.09518,52%,04/01/2019,03/31/2022,,N,07/01/2021,06/30/2022,
070016,SAINT MARY'S HOSPITAL,35300,"New Haven-Milford, CT",81.94,26%,07/01/2021,06/30/2022,,N/A,N/A,04/01/2019,03/31/2022,1,N,07/01/2021,06/30/2022,
070017,MIDSTATE MEDICAL CENTER,35300,"New Haven-Milford, CT",86,77%,07/01/2021,06/30/2022,,3.0995,51%,04/01/2019,03/31/2022,,Y,07/01/2021,06/30/2022,
070031,GRIFFIN HOSPITAL,35300,"New Haven-Milford, CT",84.31,55%,07/01/2021,06/30/2022,,4.32551,4%,04/01/2019,03/31/2022,,N,07/01/2021,06/30/2022,
100002,BETHESDA HOSPITAL EAST,33100,"Miami-Fort Lauderdale-West Palm Beach, FL",77.06,3%,07/01/2021,06/30/2022,,2.59181,89%,04/01/2019,03/31/2022,,N,07/01/2021,06/30/2022,
100006,ORLANDO HEALTH ORLANDO REGIONAL MEDICAL CENTER,36740,"Orlando-Kissimmee-Sanford, FL",82,26%,07/01/2021,06/30/2022,,2.85588,72%,04/01/2019,03/31/2022,,N,07/01/2021,06/30/2022,
100008,BAPTIST HOSPITAL OF MIAMI,33100,"Miami-Fort Lauderdale-West Palm Beach, FL",82.19,28%,07/01/2021,06/30/2022,,2.68843,85%,04/01/2019,03/31/2022,,N,07/01/2021,06/30/2022,
100029,STEWARD NORTH SHORE MEDICAL CENTER,33100,"Miami-Fort Lauderdale-West Palm Beach, FL",72.44,0%,07/01/2021,06/30/2022,,3.36025,33%,04/01/2019,03/31/2022,,N,07/01/2021,06/30/2022,
100030,ORLANDO HEALTH-HEALTH CENTRAL HOSPITAL,36740,"Orlando-Kissimmee-Sanford, FL",83.5,44%,07/01/2021,06/30/2022,,3.78988,12%,04/01/2019,03/31/2022,,N,07/01/2021,06/30/2022,
100034,MOUNT SINAI MEDICAL CENTER,33100,"Miami-Fort Lauderdale-West Palm Beach, FL",79.69,10%,07/01/2021,06/30/2022,,3.78852,13%,04/01/2019,03/31/2022,,N,07/01/2021,06/30/2022,*
100039,BROWARD HEALTH MEDICAL CENTER,33100,"Miami-Fort Lauderdale-West Palm Beach, FL",78.63,7%,07/01/2021,06/30/2022,,N/A,N/A,04/01/2019,03/31/2022,1,N,07/01/2021,06/30/2022,
100043,MEASE DUNEDIN HOSPITAL,45300,"Tampa-St. Petersburg-Clearwater, FL",87.13,88%,07/01/2021,06/30/2022,,2.36765,95%,04/01/2019,03/31/2022,,N,07/01/2021,06/30/2022,
100044,CLEVELAND CLINIC MARTIN NORTH HOSPITAL,38940,"Port St. Lucie, FL",80,12%,07/01/2021,06/30/2022,,4.39948,3%,04/01/2019,03/31/2022,,N,07/01/2021,06/30/2022,*
100046,ADVENTHEALTH ZEPHYRHILLS,45300,"Tampa-St. Petersburg-Clearwater, FL",82.69,34%,07/01/2021,06/30/2022,,3.0554,55%,04/01/2019,03/31/2022,,Y,07/01/2021,06/30/2022,
100050,LARKIN COMMUNITY HOSPITAL PALM SPRINGS CAMPUS,33100,"Miami-Fort Lauderdale-West Palm Beach, FL",76.13,2%,07/01/2021,06/30/2022,,N/A,N/A,04/01/2019,03/31/2022,5,N,07/01/2021,06/30/2022,
100051,ORLANDO HEALTH SOUTH LAKE HOSPITAL,36740,"Orlando-Kissimmee-Sanford, FL",81.13,19%,07/01/2021,06/30/2022,,4.45671,2%,04/01/2019,03/31/2022,,N,07/01/2021,06/30/2022,*
100053,STEWARD HIALEAH HOSPITAL,33100,"Miami-Fort Lauderdale-West Palm Beach, FL",75.94,2%,07/01/2021,06/30/2022,,N/A,N/A,04/01/2019,03/31/2022,1,N,07/01/2021,06/30/2022,
100055,ADVENTHEALTH NORTH PINELLAS,45300,"Tampa-St. Petersburg-Clearwater, FL",83.19,40%,07/01/2021,06/30/2022,,4.46319,2%,04/01/2019,03/31/2022,,N,07/01/2021,06/30/2022,
100057,ADVENTHEALTH WATERMAN,36740,"Orlando-Kissimmee-Sanford, FL",83.06,38%,07/01/2021,06/30/2022,,3.43517,28%,04/01/2019,03/31/2022,,N,07/01/2021,06/30/2022,*
100063,MORTON PLANT NORTH BAY HOSPITAL,45300,"Tampa-St. Petersburg-Clearwater, FL",86,77%,07/01/2021,06/30/2022,,N/A,N/A,04/01/2019,03/31/2022,1,N,07/01/2021,06/30/2022,
100069,ADVENTHEALTH CARROLLWOOD,45300,"Tampa-St. Petersburg-Clearwater, FL",82.94,37%,07/01/2021,06/30/2022,,3.3174,36%,04/01/2019,03/31/2022,,N,07/01/2021,06/30/2022,
100071,BRAVERA HEALTH BROOKSVILLE,45300,"Tampa-St. Petersburg-Clearwater, FL",76.44,2%,07/01/2021,06/30/2022,,N/A,N/A,04/01/2019,03/31/2022,1,N,07/01/2021,06/30/2022,
100073,HOLY CROSS HOSPITAL,33100,"Miami-Fort Lauderdale-West Palm Beach, FL",82.31,30%,07/01/2021,06/30/2022,,3.23601,41%,04/01/2019,03/31/2022,,N,07/01/2021,06/30/2022,
100075,ST JOSEPHS HOSPITAL,45300,"Tampa-St. Petersburg-Clearwater, FL",85.19,67%,07/01/2021,06/30/2022,,3.86273,11%,04/01/2019,03/31/2022,,N,07/01/2021,06/30/2022,
100080,HCA FLORIDA JFK HOSPITAL,33100,"Miami-Fort Lauderdale-West Palm Beach, FL",75.38,1%,07/01/2021,06/30/2022,,2.2878,97%,04/01/2019,03/31/2022,,N,07/01/2021,06/30/2022,
100084,UF HEALTH LEESBURG HOSPITAL,36740,"Orlando-Kissimmee-Sanford, FL",78.38,6%,07/01/2021,06/30/2022,,3.12063,50%,04/01/2019,03/31/2022,,N,07/01/2021,06/30/2022,
100110,HCA FLORIDA OSCEOLA HOSPITAL,36740,"Orlando-Kissimmee-Sanford, FL",77.63,4%,07/01/2021,06/30/2022,,N/A,N/A,04/01/2019,03/31/2022,1,N,07/01/2021,06/30/2022,
100125,HOMESTEAD HOSPITAL,33100,"Miami-Fort Lauderdale-West Palm Beach, FL",84.13,52%,07/01/2021,06/30/2022,,N/A,N/A,04/01/2019,03/31/2022,1,N,07/01/2021,06/30/2022,
100126,HCA FLORIDA PASADENA HOSPITAL,45300,"Tampa-St. Petersburg-Clearwater, FL",82.5,32%,07/01/2021,06/30/2022,,2.90812,67%,04/01/2019,03/31/2022,,N,07/01/2021,06/30/2022,
100127,MORTON PLANT HOSPITAL,45300,"Tampa-St. Petersburg-Clearwater, FL",86.44,81%,07/01/2021,06/30/2022,,3.07497,54%,04/01/2019,03/31/2022,,N,07/01/2021,06/30/2022,
100131,HCA FLORIDA AVENTURA HOSPITAL,33100,"Miami-Fort Lauderdale-West Palm Beach, FL",76.44,2%,07/01/2021,06/30/2022,,3.15098,48%,04/01/2019,03/31/2022,,N,07/01/2021,06/30/2022,
100132,SOUTH FLORIDA BAPTIST HOSPITAL,45300,"Tampa-St. Petersburg-Clearwater, FL",84.13,52%,07/01/2021,06/30/2022,,N/A,N/A,04/01/2019,03/31/2022,1,N,07/01/2021,06/30/2022,
100154,SOUTH MIAMI HOSPITAL,33100,"Miami-Fort Lauderdale-West Palm Beach, FL",84.5,57%,07/01/2021,06/30/2022,,N/A,N/A,04/01/2019,03/31/2022,1,N,07/01/2021,06/30/2022,
100161,HCA FLORIDA LAKE MONROE HOSPITAL,36740,"Orlando-Kissimmee-Sanford, FL",80.81,16%,07/01/2021,06/30/2022,,4.09273,6%,04/01/2019,03/31/2022,,N,07/01/2021,06/30/2022,*
100167,HCA FLORIDA MERCY HOSPITAL,33100,"Miami-Fort Lauderdale-West Palm Beach, FL",80.81,16%,07/01/2021,06/30/2022,,3.01212,59%,04/01/2019,03/31/2022,,N,07/01/2021,06/30/2022,
100168,BOCA RATON REGIONAL HOSPITAL,33100,"Miami-Fort Lauderdale-West Palm Beach, FL",78.13,5%,07/01/2021,06/30/2022,,3.95099,9%,04/01/2019,03/31/2022,,N,07/01/2021,06/30/2022,*
100173,ADVENTHEALTH TAMPA,45300,"Tampa-St. Petersburg-Clearwater, FL",80.81,16%,07/01/2021,06/30/2022,,3.30126,37%,04/01/2019,03/31/2022,,N,07/01/2021,06/30/2022,
100176,PALM BEACH GARDENS MEDICAL CENTER,33100,"Miami-Fort Lauderdale-West Palm Beach, FL",77.13,3%,07/01/2021,06/30/2022,,4.44615,2%,04/01/2019,03/31/2022,,N,07/01/2021,06/30/2022,*
100180,HCA FLORIDA ST PETERSBURG HOSPITAL,45300,"Tampa-St. Petersburg-Clearwater, FL",77.5,4%,07/01/2021,06/30/2022,,N/A,N/A,04/01/2019,03/31/2022,1,N,07/01/2021,06/30/2022,
100181,LARKIN COMMUNITY HOSPITAL,33100,"Miami-Fort Lauderdale-West Palm Beach, FL",N/A,N/A,07/01/2021,06/30/2022,***,N/A,N/A,04/01/2019,03/31/2022,1,N,07/01/2021,06/30/2022,
100183,STEWARD CORAL GABLES HOSPITAL,33100,"Miami-Fort Lauderdale-West Palm Beach, FL",78.63,7%,07/01/2021,06/30/2022,,N/A,N/A,04/01/2019,03/31/2022,1,N,07/01/2021,06/30/2022,
100187,STEWARD PALMETTO GENERAL HOSPITAL,33100,"Miami-Fort Lauderdale-West Palm Beach, FL",78,5%,07/01/2021,06/30/2022,,3.33615,35%,04/01/2019,03/31/2022,,N,07/01/2021,06/30/2022,
100189,HCA FLORIDA NORTHWEST HOSPITAL,33100,"Miami-Fort Lauderdale-West Palm Beach, FL",74.13,1%,07/01/2021,06/30/2022,,N/A,N/A,04/01/2019,03/31/2022,1,N,07/01/2021,06/30/2022,
100191,HCA FLORIDA TRINITY HOSPITAL,45300,"Tampa-St. Petersburg-Clearwater, FL",81.94,26%,07/01/2021,06/30/2022,,3.41978,29%,04/01/2019,03/31/2022,,N,07/01/2021,06/30/2022,*
100200,BROWARD HEALTH IMPERIAL POINT,33100,"Miami-Fort Lauderdale-West Palm Beach, FL",80.13,12%,07/01/2021,06/30/2022,,N/A,N/A,04/01/2019,03/31/2022,1,N,07/01/2021,06/30/2022,
100204,HCA FLORIDA NORTH FLORIDA HOSPITAL,23540,"Gainesville, FL",80.5,14%,07/01/2021,06/30/2022,,2.41938,94%,04/01/2019,03/31/2022,,N,07/01/2021,06/30/2022,
100206,HCA FLORIDA SOUTH TAMPA HOSPITAL,45300,"Tampa-St. Petersburg-Clearwater, FL",83.56,44%,07/01/2021,06/30/2022,,N/A,N/A,04/01/2019,03/31/2022,1,N,07/01/2021,06/30/2022,
100209,HCA FLORIDA KENDALL HOSPITAL,33100,"Miami-Fort Lauderdale-West Palm Beach, FL",76.38,2%,07/01/2021,06/30/2022,,3.40151,30%,04/01/2019,03/31/2022,,N,07/01/2021,06/30/2022,
100211,ADVENTHEALTH DADE CITY,45300,"Tampa-St. Petersburg-Clearwater, FL",78.13,5%,07/01/2021,06/30/2022,,N/A,N/A,04/01/2019,03/31/2022,5,N,07/01/2021,06/30/2022,
100224,HCA FLORIDA WOODMONT HOSPITAL,33100,"Miami-Fort Lauderdale-West Palm Beach, FL",75.31,1%,07/01/2021,06/30/2022,,3.22234,42%,04/01/2019,03/31/2022,,N,07/01/2021,06/30/2022,
100228,HCA FLORIDA WESTSIDE HOSPITAL,33100,"Miami-Fort Lauderdale-West Palm Beach, FL",77.69,4%,07/01/2021,06/30/2022,,N/A,N/A,04/01/2019,03/31/2022,1,N,07/01/2021,06/30/2022,
100230,MEMORIAL HOSPITAL PEMBROKE,33100,"Miami-Fort Lauderdale-West Palm Beach, FL",85.94,76%,07/01/2021,06/30/2022,,N/A,N/A,04/01/2019,03/31/2022,1,N,07/01/2021,06/30/2022,
100253,Jupiter Medical Center,33100,"Miami-Fort Lauderdale-West Palm Beach, FL",83.5,44%,07/01/2021,06/30/2022,,2.77483,80%,04/01/2019,03/31/2022,,N,07/01/2021,06/30/2022,
100258,DELRAY MEDICAL CENTER,33100,"Miami-Fort Lauderdale-West Palm Beach, FL",71.63,0%,07/01/2021,06/30/2022,,4.10237,6%,04/01/2019,03/31/2022,,N,07/01/2021,06/30/2022,*
100259,HCA FLORIDA SOUTH SHORE HOSPITAL,45300,"Tampa-St. Petersburg-Clearwater, FL",78.13,5%,07/01/2021,06/30/2022,,3.26448,39%,04/01/2019,03/31/2022,,N,07/01/2021,06/30/2022,
100260,HCA FLORIDA ST LUCIE HOSPITAL,38940,"Port St. Lucie, FL",82.75,34%,07/01/2021,06/30/2022,,3.04184,56%,04/01/2019,03/31/2022,,N,07/01/2021,06/30/2022,
100264,HCA FLORIDA OAK HILL HOSPITAL,45300,"Tampa-St. Petersburg-Clearwater, FL",80.38,14%,07/01/2021,06/30/2022,,3.50832,24%,04/01/2019,03/31/2022,,N,07/01/2021,06/30/2022,*
100268,WEST BOCA MEDICAL CENTER,33100,"Miami-Fort Lauderdale-West Palm Beach, FL",75.31,1%,07/01/2021,06/30/2022,,3.46296,27%,04/01/2019,03/31/2022,,N,07/01/2021,06/30/2022,*
100269,HCA FLORIDA PALMS WEST HOSPITAL,33100,"Miami-Fort Lauderdale-West Palm Beach, FL",77.69,4%,07/01/2021,06/30/2022,,N/A,N/A,04/01/2019,03/31/2022,1,N,07/01/2021,06/30/2022,
100275,WELLINGTON REGIONAL MEDICAL CENTER,33100,"Miami-Fort Lauderdale-West Palm Beach, FL",75.69,2%,07/01/2021,06/30/2022,,2.98467,61%,04/01/2019,03/31/2022,,N,07/01/2021,06/30/2022,
100276,BROWARD HEALTH CORAL SPRINGS,33100,"Miami-Fort Lauderdale-West Palm Beach, FL",79.81,11%,07/01/2021,06/30/2022,,N/A,N/A,04/01/2019,03/31/2022,1,N,07/01/2021,06/30/2022,
100281,MEMORIAL HOSPITAL WEST,33100,"Miami-Fort Lauderdale-West Palm Beach, FL",82.69,34%,07/01/2021,06/30/2022,,3.05341,55%,04/01/2019,03/31/2022,,N,07/01/2021,06/30/2022,
100284,KERALTY HOSPITAL,33100,"Miami-Fort Lauderdale-West Palm Beach, FL",N/A,N/A,07/01/2021,06/30/2022,***,N/A,N/A,04/01/2019,03/31/2022,1,Y,07/01/2021,06/30/2022,
100285,MEMORIAL HOSPITAL MIRAMAR,33100,"Miami-Fort Lauderdale-West Palm Beach, FL",85.38,69%,07/01/2021,06/30/2022,,N/A,N/A,04/01/2019,03/31/2022,1,N,07/01/2021,06/30/2022,
100287,GOOD SAMARITAN MEDICAL CENTER,33100,"Miami-Fort Lauderdale-West Palm Beach, FL",77.06,3%,07/01/2021,06/30/2022,,2.87298,71%,04/01/2019,03/31/2022,,N,07/01/2021,06/30/2022,
100288,ST MARY'S MEDICAL CENTER,33100,"Miami-Fort Lauderdale-West Palm Beach, FL",77.94,5%,07/01/2021,06/30/2022,,3.48213,26%,04/01/2019,03/31/2022,,N,07/01/2021,06/30/2022,*
100296,DOCTORS HOSPITAL,33100,"Miami-Fort Lauderdale-West Palm Beach, FL",82.75,34%,07/01/2021,06/30/2022,,2.40646,94%,04/01/2019,03/31/2022,,N,07/01/2021,06/30/2022,
100302,ORLANDO HEALTH ST CLOUD HOSPITAL,36740,"Orlando-Kissimmee-Sanford, FL",73.13,1%,07/01/2021,06/30/2022,,N/A,N/A,04/01/2019,03/31/2022,1,N,07/01/2021,06/30/2022,
100314,WEST KENDALL BAPTIST HOSPITAL,33100,"Miami-Fort Lauderdale-West Palm Beach, FL",85.38,69%,07/01/2021,06/30/2022,,N/A,N/A,04/01/2019,03/31/2022,5,N,07/01/2021,06/30/2022,
100319,ADVENTHEALTH WESLEY CHAPEL,45300,"Tampa-St. Petersburg-Clearwater, FL",85.31,69%,07/01/2021,06/30/2022,,2.89933,68%,04/01/2019,03/31/2022,,N,07/01/2021,06/30/2022,
180001,ST ELIZABETH FT THOMAS,17140,"Cincinnati, OH-KY-IN",86.75,85%,07/01/2021,06/30/2022,,N/A,N/A,04/01/2019,03/31/2022,5,N,07/01/2021,06/30/2022,
180035,ST ELIZABETH MEDICAL CENTER NORTH,17140,"Cincinnati, OH-KY-IN",86.31,80%,07/01/2021,06/30/2022,,3.72206,15%,04/01/2019,03/31/2022,,N,07/01/2021,06/30/2022,
180045,ST ELIZABETH FLORENCE,17140,"Cincinnati, OH-KY-IN",85.94,76%,07/01/2021,06/30/2022,,N/A,N/A,04/01/2019,03/31/2022,1,N,07/01/2021,06/30/2022,**
190036,OCHSNER MEDICAL CENTER,35380,"New Orleans-Metairie, LA",85.69,73%,07/01/2021,06/30/2022,,2.946,64%,04/01/2019,03/31/2022,,N,07/01/2021,06/30/2022,
190039,WEST JEFFERSON MEDICAL CENTER,35380,"New Orleans-Metairie, LA",83.38,42%,07/01/2021,06/30/2022,,2.83595,74%,04/01/2019,03/31/2022,,N,07/01/2021,06/30/2022,
190040,SLIDELL MEMORIAL HOSPITAL,35380,"New Orleans-Metairie, LA",84.31,55%,07/01/2021,06/30/2022,,N/A,N/A,04/01/2019,03/31/2022,1,N,07/01/2021,06/30/2022,
190045,ST TAMMANY PARISH HOSPITAL,35380,"New Orleans-Metairie, LA",87.69,91%,07/01/2021,06/30/2022,,2.78706,79%,04/01/2019,03/31/2022,,Y,07/01/2021,06/30/2022,
190046,TOURO INFIRMARY,35380,"New Orleans-Metairie, LA",86.06,77%,07/01/2021,06/30/2022,,3.44217,28%,04/01/2019,03/31/2022,,N,07/01/2021,06/30/2022,
190125,ST FRANCIS MEDICAL CENTER,33740,"Monroe, LA",85.25,68%,07/01/2021,06/30/2022,,3.58407,20%,04/01/2019,03/31/2022,,N,07/01/2021,06/30/2022,
190146,EAST JEFFERSON GENERAL HOSPITAL,35380,"New Orleans-Metairie, LA",84.63,59%,07/01/2021,06/30/2022,,N/A,N/A,04/01/2019,03/31/2022,1,N,07/01/2021,06/30/2022,
190160,GLENWOOD REGIONAL MEDICAL CENTER,33740,"Monroe, LA",81.94,26%,07/01/2021,06/30/2022,,2.8847,69%,04/01/2019,03/31/2022,,N,07/01/2021,06/30/2022,
190176,TULANE MEDICAL CENTER,35380,"New Orleans-Metairie, LA",85.06,65%,07/01/2021,06/30/2022,,2.66557,86%,04/01/2019,03/31/2022,,N,07/01/2021,06/30/2022,
190204,"OCHSNER MEDICAL CENTER - NORTHSHORE, L L C",35380,"New Orleans-Metairie, LA",86.31,80%,07/01/2021,06/30/2022,,N/A,N/A,04/01/2019,03/31/2022,1,N,07/01/2021,06/30/2022,
190256,STERLING SURGICAL HOSPITAL,35380,"New Orleans-Metairie, LA",N/A,N/A,07/01/2021,06/30/2022,***,2.8328,75%,04/01/2019,03/31/2022,,N,07/01/2021,06/30/2022,
190267,AVALA,35380,"New Orleans-Metairie, LA",91.13,98%,07/01/2021,06/30/2022,,3.15266,48%,04/01/2019,03/31/2022,,N,07/01/2021,06/30/2022,
190270,OUR LADY OF THE LAKE SURGICAL HOSPITAL,35380,"New Orleans-Metairie, LA",90.31,97%,07/01/2021,06/30/2022,,3.86897,10%,04/01/2019,03/31/2022,,N,07/01/2021,06/30/2022,
190274,OCHSNER MEDICAL CENTER-KENNER,35380,"New Orleans-Metairie, LA",83.56,44%,07/01/2021,06/30/2022,,N/A,N/A,04/01/2019,03/31/2022,1,N,07/01/2021,06/30/2022,
310001,HACKENSACK UNIVERSITY MEDICAL CENTER,35620,"New York-Newark-Jersey City, NY-NJ-PA",81.06,18%,07/01/2021,06/30/2022,,2.43317,94%,04/01/2019,03/31/2022,,N,07/01/2021,06/30/2022,
310002,NEWARK BETH ISRAEL MEDICAL CENTER,35620,"New York-Newark-Jersey City, NY-NJ-PA",80.69,16%,07/01/2021,06/30/2022,,N/A,N/A,04/01/2019,03/31/2022,1,N,07/01/2021,06/30/2022,
310003,PALISADES MEDICAL CENTER,35620,"New York-Newark-Jersey City, NY-NJ-PA",80.94,17%,07/01/2021,06/30/2022,,N/A,N/A,04/01/2019,03/31/2022,1,N,07/01/2021,06/30/2022,
310005,HUNTERDON MEDICAL CENTER,35620,"New York-Newark-Jersey City, NY-NJ-PA",85.06,65%,07/01/2021,06/30/2022,,2.30161,96%,04/01/2019,03/31/2022,,N,07/01/2021,06/30/2022,
310006,ST MARY'S GENERAL HOSPITAL,35620,"New York-Newark-Jersey City, NY-NJ-PA",81.13,19%,07/01/2021,06/30/2022,,N/A,N/A,04/01/2019,03/31/2022,1,N,07/01/2021,06/30/2022,
310008,HOLY NAME MEDICAL CENTER,35620,"New York-Newark-Jersey City, NY-NJ-PA",83.38,42%,07/01/2021,06/30/2022,,6.22033,0%,04/01/2019,03/31/2022,,N,07/01/2021,06/30/2022,
310009,CLARA MAASS MEDICAL CENTER,35620,"New York-Newark-Jersey City, NY-NJ-PA",80.69,16%,07/01/2021,06/30/2022,,2.93702,65%,04/01/2019,03/31/2022,,N,07/01/2021,06/30/2022,
310010,PENN MEDICINE PRINCETON MEDICAL CENTER,35620,"New York-Newark-Jersey City, NY-NJ-PA",86.25,79%,07/01/2021,06/30/2022,,3.41826,30%,04/01/2019,03/31/2022,,N,07/01/2021,06/30/2022,
310012,VALLEY HOSPITAL,35620,"New York-Newark-Jersey City, NY-NJ-PA",83.31,42%,07/01/2021,06/30/2022,,2.07771,99%,04/01/2019,03/31/2022,,N,07/01/2021,06/30/2022,
310015,MORRISTOWN MEDICAL CENTER,35620,"New York-Newark-Jersey City, NY-NJ-PA",84.5,57%,07/01/2021,06/30/2022,,2.52812,91%,04/01/2019,03/31/2022,,N,07/01/2021,06/30/2022,
310016,CAREPOINT HEALTH-CHRIST HOSPITAL,35620,"New York-Newark-Jersey City, NY-NJ-PA",80.38,14%,07/01/2021,06/30/2022,,N/A,N/A,04/01/2019,03/31/2022,1,N,07/01/2021,06/30/2022,
310017,CHILTON MEDICAL CENTER,35620,"New York-Newark-Jersey City, NY-NJ-PA",83.75,47%,07/01/2021,06/30/2022,,2.95209,64%,04/01/2019,03/31/2022,,N,07/01/2021,06/30/2022,
310019,ST JOSEPH'S UNIVERSITY MEDICAL CENTER,35620,"New York-Newark-Jersey City, NY-NJ-PA",79.5,10%,07/01/2021,06/30/2022,,3.17663,46%,04/01/2019,03/31/2022,,N,07/01/2021,06/30/2022,
310024,ROBERT WOOD JOHNSON UNIVERSITY HOSPITAL AT RAHWAY,35620,"New York-Newark-Jersey City, NY-NJ-PA",81.25,20%,07/01/2021,06/30/2022,,3.6441,17%,04/01/2019,03/31/2022,,N,07/01/2021,06/30/2022,*
310025,CAREPOINT HEALTH - BAYONNE MEDICAL CENTER,35620,"New York-Newark-Jersey City, NY-NJ-PA",78.88,8%,07/01/2021,06/30/2022,,3.45367,27%,04/01/2019,03/31/2022,,N,07/01/2021,06/30/2022,*
310027,TRINITAS REGIONAL MEDICAL CENTER,35620,"New York-Newark-Jersey City, NY-NJ-PA",78.56,7%,07/01/2021,06/30/2022,,N/A,N/A,04/01/2019,03/31/2022,1,N,07/01/2021,06/30/2022,
310028,NEWTON MEDICAL CENTER,35620,"New York-Newark-Jersey City, NY-NJ-PA",82.06,27%,07/01/2021,06/30/2022,,3.23009,42%,04/01/2019,03/31/2022,,Y,07/01/2021,06/30/2022,
310034,RIVERVIEW MEDICAL CENTER,35620,"New York-Newark-Jersey City, NY-NJ-PA",84.13,52%,07/01/2021,06/30/2022,,3.16824,47%,04/01/2019,03/31/2022,,N,07/01/2021,06/30/2022,
310038,ROBERT WOOD JOHNSON UNIVERSITY HOSPITAL,35620,"New York-Newark-Jersey City, NY-NJ-PA",81.44,21%,07/01/2021,06/30/2022,,3.38958,31%,04/01/2019,03/31/2022,,N,07/01/2021,06/30/2022,
310039,RARITAN BAY MEDICAL CENTER,35620,"New York-Newark-Jersey City, NY-NJ-PA",80.38,14%,07/01/2021,06/30/2022,,N/A,N/A,04/01/2019,03/31/2022,1,N,07/01/2021,06/30/2022,
310040,CAREPOINT HEALTH-HOBOKEN UNIVERSITY MEDICAL CENTER,35620,"New York-Newark-Jersey City, NY-NJ-PA",82.31,30%,07/01/2021,06/30/2022,,3.38086,32%,04/01/2019,03/31/2022,,N,07/01/2021,06/30/2022,
310041,COMMUNITY MEDICAL CENTER,35620,"New York-Newark-Jersey City, NY-NJ-PA",80.13,12%,07/01/2021,06/30/2022,,2.72252,82%,04/01/2019,03/31/2022,,N,07/01/2021,06/30/2022,
310045,ENGLEWOOD HOSPITAL AND MEDICAL CENTER,35620,"New York-Newark-Jersey City, NY-NJ-PA",84.13,52%,07/01/2021,06/30/2022,,3.10777,51%,04/01/2019,03/31/2022,,N,07/01/2021,06/30/2022,
310048,ROBERT WOOD JOHNSON UNIVERSITY HOSPITAL SOMERSET,35620,"New York-Newark-Jersey City, NY-NJ-PA",81.31,20%,07/01/2021,06/30/2022,,3.97878,8%,04/01/2019,03/31/2022,,N,07/01/2021,06/30/2022,*
310050,SAINT CLARE'S HOSPITAL/ DENVILLE CAMPUS,35620,"New York-Newark-Jersey City, NY-NJ-PA",82.19,28%,07/01/2021,06/30/2022,,3.3594,33%,04/01/2019,03/31/2022,,N,07/01/2021,06/30/2022,
310051,OVERLOOK MEDICAL CENTER,35620,"New York-Newark-Jersey City, NY-NJ-PA",82.25,29%,07/01/2021,06/30/2022,,2.93969,64%,04/01/2019,03/31/2022,,N,07/01/2021,06/30/2022,
310052,OCEAN UNIVERSITY MEDICAL CENTER,35620,"New York-Newark-Jersey City, NY-NJ-PA",81.63,23%,07/01/2021,06/30/2022,,3.03448,57%,04/01/2019,03/31/2022,,N,07/01/2021,06/30/2022,
310054,"HACKENSACK MERIDIAN HEALTH, MOUNTAINSIDE MEDICAL",35620,"New York-Newark-Jersey City, NY-NJ-PA",80.5,14%,07/01/2021,06/30/2022,,4.54114,2%,04/01/2019,03/31/2022,,N,07/01/2021,06/30/2022,*
310070,SAINT PETER'S UNIVERSITY HOSPITAL,35620,"New York-Newark-Jersey City, NY-NJ-PA",85.19,67%,07/01/2021,06/30/2022,,2.69663,84%,04/01/2019,03/31/2022,,N,07/01/2021,06/30/2022,
310073,JERSEY SHORE UNIVERSITY MEDICAL CENTER,35620,"New York-Newark-Jersey City, NY-NJ-PA",82.06,27%,07/01/2021,06/30/2022,,3.3506,34%,04/01/2019,03/31/2022,,N,07/01/2021,06/30/2022,
310074,JERSEY CITY MEDICAL CENTER,35620,"New York-Newark-Jersey City, NY-NJ-PA",82.5,32%,07/01/2021,06/30/2022,,N/A,N/A,04/01/2019,03/31/2022,1,N,07/01/2021,06/30/2022,
310075,MONMOUTH MEDICAL CENTER,35620,"New York-Newark-Jersey City, NY-NJ-PA",84.44,56%,07/01/2021,06/30/2022,,2.97159,62%,04/01/2019,03/31/2022,,N,07/01/2021,06/30/2022,
310076,COOPERMAN BARNABAS MEDICAL CENTER,35620,"New York-Newark-Jersey City, NY-NJ-PA",83.56,44%,07/01/2021,06/30/2022,,3.11351,50%,04/01/2019,03/31/2022,,N,07/01/2021,06/30/2022,
310083,EAST ORANGE GENERAL HOSPITAL,35620,"New York-Newark-Jersey City, NY-NJ-PA",74.69,1%,07/01/2021,06/30/2022,,N/A,N/A,04/01/2019,03/31/2022,5,N,07/01/2021,06/30/2022,
310084,MONMOUTH MEDICAL CENTER-SOUTHERN CAMPUS,35620,"New York-Newark-Jersey City, NY-NJ-PA",82.44,31%,07/01/2021,06/30/2022,,N/A,N/A,04/01/2019,03/31/2022,1,N,07/01/2021,06/30/2022,
310096,SAINT MICHAEL'S MEDICAL CENTER,35620,"New York-Newark-Jersey City, NY-NJ-PA",82.81,35%,07/01/2021,06/30/2022,,N/A,N/A,04/01/2019,03/31/2022,1,N,07/01/2021,06/30/2022,
310108,JFK UNIVERSITY MEDICAL CENTER,35620,"New York-Newark-Jersey City, NY-NJ-PA",80.06,12%,07/01/2021,06/30/2022,,3.77483,13%,04/01/2019,03/31/2022,,N,07/01/2021,06/30/2022,*
310111,CENTRASTATE MEDICAL CENTER,35620,"New York-Newark-Jersey City, NY-NJ-PA",80.5,14%,07/01/2021,06/30/2022,,3.37006,32%,04/01/2019,03/31/2022,,N,07/01/2021,06/30/2022,
310112,BAYSHORE MEDICAL CENTER,35620,"New York-Newark-Jersey City, NY-NJ-PA",82.06,27%,07/01/2021,06/30/2022,,3.0107,59%,04/01/2019,03/31/2022,,Y,07/01/2021,06/30/2022,
310113,SOUTHERN OCEAN MEDICAL CENTER,35620,"New York-Newark-Jersey City, NY-NJ-PA",80.88,17%,07/01/2021,06/30/2022,,3.10568,51%,04/01/2019,03/31/2022,,N,07/01/2021,06/30/2022,
310118,HUDSON REGIONAL HOSPITAL,35620,"New York-Newark-Jersey City, NY-NJ-PA",80.56,15%,07/01/2021,06/30/2022,,2.77051,80%,04/01/2019,03/31/2022,,N,07/01/2021,06/30/2022,
310119,UNIVERSITY HOSPITAL,35620,"New York-Newark-Jersey City, NY-NJ-PA",79.25,9%,07/01/2021,06/30/2022,,N/A,N/A,04/01/2019,03/31/2022,1,N,07/01/2021,06/30/2022,
310130,HACKENSACK MERIDIAN HEALTH PASCACK VALLEY MEDICAL,35620,"New York-Newark-Jersey City, NY-NJ-PA",81.75,24%,07/01/2021,06/30/2022,,3.45227,27%,04/01/2019,03/31/2022,,N,07/01/2021,06/30/2022,*
330006,ST JOSEPH'S MEDICAL CENTER,35620,"New York-Newark-Jersey City, NY-NJ-PA",80.63,15%,07/01/2021,06/30/2022,,N/A,N/A,04/01/2019,03/31/2022,1,N,07/01/2021,06/30/2022,
330009,BRONXCARE HOSPITAL CENTER,35620,"New York-Newark-Jersey City, NY-NJ-PA",75.69,2%,07/01/2021,06/30/2022,,N/A,N/A,04/01/2019,03/31/2022,1,N,07/01/2021,06/30/2022,
330019,"NEW YORK COMMUNITY HOSPITAL OF BROOKLYN, INC.",35620,"New York-Newark-Jersey City, NY-NJ-PA",77.5,4%,07/01/2021,06/30/2022,,N/A,N/A,04/01/2019,03/31/2022,1,N,07/01/2021,06/30/2022,
330023,VASSAR BROTHERS MEDICAL CENTER,35620,"New York-Newark-Jersey City, NY-NJ-PA",82.19,28%,07/01/2021,06/30/2022,,2.85125,73%,04/01/2019,03/31/2022,,N,07/01/2021,06/30/2022,
330024,MOUNT SINAI HOSPITAL,35620,"New York-Newark-Jersey City, NY-NJ-PA",81.88,25%,07/01/2021,06/30/2022,,3.63069,18%,04/01/2019,03/31/2022,,N,07/01/2021,06/30/2022,*
330027,NASSAU UNIVERSITY MEDICAL CENTER,35620,"New York-Newark-Jersey City, NY-NJ-PA",73.13,1%,07/01/2021,06/30/2022,,N/A,N/A,04/01/2019,03/31/2022,1,N,07/01/2021,06/30/2022,
330028,RICHMOND UNIVERSITY MEDICAL CENTER,35620,"New York-Newark-Jersey City, NY-NJ-PA",79.38,9%,07/01/2021,06/30/2022,,3.23047,42%,04/01/2019,03/31/2022,,N,07/01/2021,06/30/2022,
330043,SOUTHSIDE HOSPITAL,35620,"New York-Newark-Jersey City, NY-NJ-PA",80.44,14%,07/01/2021,06/30/2022,,1.97927,99%,04/01/2019,03/31/2022,,N,07/01/2021,06/30/2022,
330045,HUNTINGTON HOSPITAL,35620,"New York-Newark-Jersey City, NY-NJ-PA",85.56,72%,07/01/2021,06/30/2022,,2.36286,95%,04/01/2019,03/31/2022,,N,07/01/2021,06/30/2022,
330056,BROOKLYN HOSPITAL CENTER - DOWNTOWN CAMPUS,35620,"New York-Newark-Jersey City, NY-NJ-PA",77.63,4%,07/01/2021,06/30/2022,,2.81326,76%,04/01/2019,03/31/2022,,N,07/01/2021,06/30/2022,
330104,NYACK HOSPITAL,35620,"New York-Newark-Jersey City, NY-NJ-PA",77.81,5%,07/01/2021,06/30/2022,,2.52969,91%,04/01/2019,03/31/2022,,N,07/01/2021,06/30/2022,
330106,NORTH SHORE UNIVERSITY HOSPITAL,35620,"New York-Newark-Jersey City, NY-NJ-PA",83.13,39%,07/01/2021,06/30/2022,,2.51912,92%,04/01/2019,03/31/2022,,N,07/01/2021,06/30/2022,
330107,PECONIC BAY MEDICAL CENTER,35620,"New York-Newark-Jersey City, NY-NJ-PA",82.63,33%,07/01/2021,06/30/2022,,1.81244,100%,04/01/2019,03/31/2022,,N,07/01/2021,06/30/2022,
330127,JACOBI MEDICAL CENTER,35620,"New York-Newark-Jersey City, NY-NJ-PA",77.44,4%,07/01/2021,06/30/2022,,N/A,N/A,04/01/2019,03/31/2022,1,N,07/01/2021,06/30/2022,
330128,ELMHURST HOSPITAL CENTER,35620,"New York-Newark-Jersey City, NY-NJ-PA",78.75,7%,07/01/2021,06/30/2022,,N/A,N/A,04/01/2019,03/31/2022,1,N,07/01/2021,06/30/2022,
330141,LONG ISLAND COMMUNITY HOSPITAL,35620,"New York-Newark-Jersey City, NY-NJ-PA",74.44,1%,07/01/2021,06/30/2022,,2.88549,69%,04/01/2019,03/31/2022,,N,07/01/2021,06/30/2022,
330158,GOOD SAMARITAN HOSPITAL OF SUFFERN,35620,"New York-Newark-Jersey City, NY-NJ-PA",80.94,17%,07/01/2021,06/30/2022,,2.78083,79%,04/01/2019,03/31/2022,,N,07/01/2021,06/30/2022,
330160,STATEN ISLAND UNIVERSITY HOSPITAL,35620,"New York-Newark-Jersey City, NY-NJ-PA",82.25,29%,07/01/2021,06/30/2022,,3.42587,29%,04/01/2019,03/31/2022,,N,07/01/2021,06/30/2022,*
330162,NORTHERN WESTCHESTER HOSPITAL,35620,"New York-Newark-Jersey City, NY-NJ-PA",86,77%,07/01/2021,06/30/2022,,2.58946,90%,04/01/2019,03/31/2022,,N,07/01/2021,06/30/2022,
330181,GLEN COVE HOSPITAL,35620,"New York-Newark-Jersey City, NY-NJ-PA",85.44,70%,07/01/2021,06/30/2022,,N/A,N/A,04/01/2019,03/31/2022,5,N,07/01/2021,06/30/2022,
330182,"ST FRANCIS HOSPITAL, ROSLYN",35620,"New York-Newark-Jersey City, NY-NJ-PA",86.44,81%,07/01/2021,06/30/2022,,3.63905,18%,04/01/2019,03/31/2022,,Y,07/01/2021,06/30/2022,
330185,JOHN T MATHER MEMORIAL HOSPITAL  OF PORT JEFFERSON,35620,"New York-Newark-Jersey City, NY-NJ-PA",87.13,88%,07/01/2021,06/30/2022,,3.69254,16%,04/01/2019,03/31/2022,,N,07/01/2021,06/30/2022,
330196,CONEY ISLAND HOSPITAL CENTER,35620,"New York-Newark-Jersey City, NY-NJ-PA",77.63,4%,07/01/2021,06/30/2022,,N/A,N/A,04/01/2019,03/31/2022,1,N,07/01/2021,06/30/2022,
330198,MOUNT SINAI SOUTH NASSAU,35620,"New York-Newark-Jersey City, NY-NJ-PA",79.13,8%,07/01/2021,06/30/2022,,3.02931,57%,04/01/2019,03/31/2022,,N,07/01/2021,06/30/2022,
330204,BELLEVUE HOSPITAL CENTER,35620,"New York-Newark-Jersey City, NY-NJ-PA",79,8%,07/01/2021,06/30/2022,,N/A,N/A,04/01/2019,03/31/2022,1,N,07/01/2021,06/30/2022,
330205,ST ANTHONY COMMUNITY HOSPITAL,35620,"New York-Newark-Jersey City, NY-NJ-PA",88,92%,07/01/2021,06/30/2022,,2.85704,72%,04/01/2019,03/31/2022,,N,07/01/2021,06/30/2022,
330221,WYCKOFF HEIGHTS MEDICAL CENTER,35620,"New York-Newark-Jersey City, NY-NJ-PA",78.19,6%,07/01/2021,06/30/2022,,N/A,N/A,04/01/2019,03/31/2022,1,N,07/01/2021,06/30/2022,
330246,ST CHARLES HOSPITAL,35620,"New York-Newark-Jersey City, NY-NJ-PA",84.63,59%,07/01/2021,06/30/2022,,2.49006,93%,04/01/2019,03/31/2022,,Y,07/01/2021,06/30/2022,
330259,MERCY MEDICAL CENTER,35620,"New York-Newark-Jersey City, NY-NJ-PA",81.63,23%,07/01/2021,06/30/2022,,2.80414,77%,04/01/2019,03/31/2022,,Y,07/01/2021,06/30/2022,
330261,PHELPS HOSPITAL,35620,"New York-Newark-Jersey City, NY-NJ-PA",84.13,52%,07/01/2021,06/30/2022,,2.98552,61%,04/01/2019,03/31/2022,,N,07/01/2021,06/30/2022,
330264,ST LUKE'S CORNWALL HOSPITAL,35620,"New York-Newark-Jersey City, NY-NJ-PA",79.94,11%,07/01/2021,06/30/2022,,3.19747,44%,04/01/2019,03/31/2022,,N,07/01/2021,06/30/2022,
330267,HUDSON VALLEY HOSPITAL CENTER,35620,"New York-Newark-Jersey City, NY-NJ-PA",84.88,63%,07/01/2021,06/30/2022,,3.31413,36%,04/01/2019,03/31/2022,,N,07/01/2021,06/30/2022,
330273,PUTNAM HOSPITAL CENTER,35620,"New York-Newark-Jersey City, NY-NJ-PA",79.38,9%,07/01/2021,06/30/2022,,2.85588,72%,04/01/2019,03/31/2022,,N,07/01/2021,06/30/2022,
330286,GOOD SAMARITAN HOSPITAL MEDICAL CENTER,35620,"New York-Newark-Jersey City, NY-NJ-PA",80.88,17%,07/01/2021,06/30/2022,,3.2737,39%,04/01/2019,03/31/2022,,Y,07/01/2021,06/30/2022,
330331,PLAINVIEW HOSPITAL,35620,"New York-Newark-Jersey City, NY-NJ-PA",81.69,23%,07/01/2021,06/30/2022,,3.66019,17%,04/01/2019,03/31/2022,,N,07/01/2021,06/30/2022,*
330332,ST JOSEPH HOSPITAL,35620,"New York-Newark-Jersey City, NY-NJ-PA",82.56,32%,07/01/2021,06/30/2022,,3.4701,26%,04/01/2019,03/31/2022,,Y,07/01/2021,06/30/2022,
330350,SUNY HEALTH SCIENCE CENTER AT BROOKLYN UNIVERSITY,35620,"New York-Newark-Jersey City, NY-NJ-PA",77.75,5%,07/01/2021,06/30/2022,,3.19743,44%,04/01/2019,03/31/2022,,N,07/01/2021,06/30/2022,
330401,ST CATHERINE OF SIENA HOSPITAL,35620,"New York-Newark-Jersey City, NY-NJ-PA",81.31,20%,07/01/2021,06/30/2022,,3.29495,37%,04/01/2019,03/31/2022,,Y,07/01/2021,06/30/2022,
340017,MARGARET R PARDEE MEMORIAL HOSPITAL,11700,"Asheville, NC",85,65%,07/01/2021,06/30/2022,,3.69418,16%,04/01/2019,03/31/2022,,N,07/01/2021,06/30/2022,
340023,PARK RIDGE HEALTH,11700,"Asheville, NC",86.31,80%,07/01/2021,06/30/2022,,2.66552,86%,04/01/2019,03/31/2022,,N,07/01/2021,06/30/2022,
340040,VIDANT MEDICAL CENTER,24780,"Greenville, NC",83.56,44%,07/01/2021,06/30/2022,,3.5238,24%,04/01/2019,03/31/2022,,Y,07/01/2021,06/30/2022,
340184,HAYWOOD REGIONAL MEDICAL CENTER,11700,"Asheville, NC",82.38,30%,07/01/2021,06/30/2022,,3.15199,48%,04/01/2019,03/31/2022,,N,07/01/2021,06/30/2022,
360001,MERCY HEALTH-ANDERSON HOSPITAL,17140,"Cincinnati, OH-KY-IN",83.44,43%,07/01/2021,06/30/2022,,3.0336,57%,04/01/2019,03/31/2022,,N,07/01/2021,06/30/2022,
360003,"UNIVERSITY OF CINCINNATI MEDICAL CENTER, LLC",17140,"Cincinnati, OH-KY-IN",84.5,57%,07/01/2021,06/30/2022,,N/A,N/A,04/01/2019,03/31/2022,1,N,07/01/2021,06/30/2022,
360016,THE JEWISH HOSPITAL-MERCY HEALTH,17140,"Cincinnati, OH-KY-IN",86.75,85%,07/01/2021,06/30/2022,,3.61856,18%,04/01/2019,03/31/2022,,N,07/01/2021,06/30/2022,
360056,MERCY HEALTH - FAIRFIELD HOSPITAL,17140,"Cincinnati, OH-KY-IN",84.06,51%,07/01/2021,06/30/2022,,3.57223,21%,04/01/2019,03/31/2022,,N,07/01/2021,06/30/2022,
360076,ATRIUM MEDICAL CENTER,17140,"Cincinnati, OH-KY-IN",81.44,21%,07/01/2021,06/30/2022,,N/A,N/A,04/01/2019,03/31/2022,1,N,07/01/2021,06/30/2022,
360078,UNIVERSITY HOSPITALS PORTAGE MEDICAL CENTER,10420,"Akron, OH",84.63,59%,07/01/2021,06/30/2022,,N/A,N/A,04/01/2019,03/31/2022,1,N,07/01/2021,06/30/2022,
360081,MERCY HEALTH - ST CHARLES HOSPITAL,45780,"Toledo, OH",83.63,45%,07/01/2021,06/30/2022,,N/A,N/A,04/01/2019,03/31/2022,,N,07/01/2021,06/30/2022,
360090,MCLAREN ST LUKE'S,45780,"Toledo, OH",83.06,38%,07/01/2021,06/30/2022,,2.87121,71%,04/01/2019,03/31/2022,,N,07/01/2021,06/30/2022,
360132,FORT HAMILTON HUGHES MEMORIAL HOSPITAL,17140,"Cincinnati, OH-KY-IN",84.88,63%,07/01/2021,06/30/2022,,N/A,N/A,04/01/2019,03/31/2022,1,N,07/01/2021,06/30/2022,
360134,GOOD SAMARITAN HOSPITAL,17140,"Cincinnati, OH-KY-IN",83.75,47%,07/01/2021,06/30/2022,,3.59804,19%,04/01/2019,03/31/2022,,N,07/01/2021,06/30/2022,
360163,CHRIST HOSPITAL,17140,"Cincinnati, OH-KY-IN",86.69,84%,07/01/2021,06/30/2022,,2.26827,97%,04/01/2019,03/31/2022,,N,07/01/2021,06/30/2022,
360179,BETHESDA NORTH,17140,"Cincinnati, OH-KY-IN",82.19,28%,07/01/2021,06/30/2022,,3.2448,40%,04/01/2019,03/31/2022,,N,07/01/2021,06/30/2022,
360234,MERCY HEALTH - WEST HOSPITAL,17140,"Cincinnati, OH-KY-IN",85.13,66%,07/01/2021,06/30/2022,,3.11899,50%,04/01/2019,03/31/2022,,N,07/01/2021,06/30/2022,
360236,MERCY HEALTH - CLERMONT HOSPITAL,17140,"Cincinnati, OH-KY-IN",83.75,47%,07/01/2021,06/30/2022,,N/A,N/A,04/01/2019,03/31/2022,1,N,07/01/2021,06/30/2022,
360262,MERCY ST ANNE HOSPITAL,45780,"Toledo, OH",86.5,82%,07/01/2021,06/30/2022,,N/A,N/A,04/01/2019,03/31/2022,,N,07/01/2021,06/30/2022,
360351,CRYSTAL CLINIC ORTHOPAEDIC CENTER,10420,"Akron, OH",89.19,95%,07/01/2021,06/30/2022,,1.94112,99%,04/01/2019,03/31/2022,,N,07/01/2021,06/30/2022,
360354,"WEST CHESTER HOSPITAL, LLC",17140,"Cincinnati, OH-KY-IN",83.94,50%,07/01/2021,06/30/2022,,2.59051,89%,04/01/2019,03/31/2022,,N,07/01/2021,06/30/2022,
370008,NORMAN REGIONAL,36420,"Oklahoma City, OK",84.69,60%,07/01/2021,06/30/2022,,3.0376,56%,04/01/2019,03/31/2022,,N,07/01/2021,06/30/2022,
370028,"INTEGRIS BAPTIST MEDICAL CENTER, INC",36420,"Oklahoma City, OK",84.19,53%,07/01/2021,06/30/2022,,3.17708,46%,04/01/2019,03/31/2022,,N,07/01/2021,06/30/2022,
370037,SSM HEALTH ST ANTHONY HOSPITAL - OKLAHOMA CITY,36420,"Oklahoma City, OK",82.06,27%,07/01/2021,06/30/2022,,2.77774,80%,04/01/2019,03/31/2022,,N,07/01/2021,06/30/2022,
370093,O U HEALTH UNIVERSITY OF OKLAHOMA MEDICAL CENTER,36420,"Oklahoma City, OK",79.63,10%,07/01/2021,06/30/2022,,3.60768,19%,04/01/2019,03/31/2022,,N,07/01/2021,06/30/2022,*
370094,SSM HEALTH ST ANTHONY HOSPITAL - MIDWEST,36420,"Oklahoma City, OK",76.56,3%,07/01/2021,06/30/2022,,3.02719,57%,04/01/2019,03/31/2022,,N,07/01/2021,06/30/2022,
370106,INTEGRIS SOUTHWEST MEDICAL CENTER,36420,"Oklahoma City, OK",81.13,19%,07/01/2021,06/30/2022,,N/A,N/A,04/01/2019,03/31/2022,1,N,07/01/2021,06/30/2022,
370192,NORTHWEST SURGICAL HOSPITAL,36420,"Oklahoma City, OK",N/A,N/A,07/01/2021,06/30/2022,***,N/A,N/A,04/01/2019,03/31/2022,1,N,07/01/2021,06/30/2022,**
370201,SURGICAL HOSPITAL OF OKLAHOMA,36420,"Oklahoma City, OK",N/A,N/A,07/01/2021,06/30/2022,***,2.87737,70%,04/01/2019,03/31/2022,,N,07/01/2021,06/30/2022,
370203,"COMMUNITY HOSPITAL, LLC",36420,"Oklahoma City, OK",90.19,97%,07/01/2021,06/30/2022,,3.55279,22%,04/01/2019,03/31/2022,,N,07/01/2021,06/30/2022,
370211,INTEGRIS CANADIAN VALLEY  HOSPITAL,36420,"Oklahoma City, OK",86.56,83%,07/01/2021,06/30/2022,,N/A,N/A,04/01/2019,03/31/2022,1,N,07/01/2021,06/30/2022,
370212,OKLAHOMA CENTER FOR ORTHOPAEDIC & MULTI-SPECIALTY SURGERY,36420,"Oklahoma City, OK",N/A,N/A,07/01/2021,06/30/2022,***,2.28813,97%,04/01/2019,03/31/2022,,N,07/01/2021,06/30/2022,
370220,ONECORE HEALTH,36420,"Oklahoma City, OK",91.56,99%,07/01/2021,06/30/2022,,2.8946,68%,04/01/2019,03/31/2022,,N,07/01/2021,06/30/2022,
370222,MCBRIDE ORTHOPEDIC HOSPITAL,36420,"Oklahoma City, OK",90.63,98%,07/01/2021,06/30/2022,,2.79584,77%,04/01/2019,03/31/2022,,N,07/01/2021,06/30/2022,
370225,"SUMMIT MEDICAL CENTER, LLC",36420,"Oklahoma City, OK",90.63,98%,07/01/2021,06/30/2022,,2.96323,63%,04/01/2019,03/31/2022,,N,07/01/2021,06/30/2022,
370236,INTEGRIS HEALTH EDMOND,36420,"Oklahoma City, OK",85.13,66%,07/01/2021,06/30/2022,,N/A,N/A,04/01/2019,03/31/2022,1,N,07/01/2021,06/30/2022,
390002,UPMC MCKEESPORT,38300,"Pittsburgh, PA",81.25,20%,07/01/2021,06/30/2022,,N/A,N/A,04/01/2019,03/31/2022,1,N,07/01/2021,06/30/2022,
390004,PENN STATE HEALTH HOLY SPIRIT MEDICAL CENTER,25420,"Harrisburg-Carlisle, PA",82,26%,07/01/2021,06/30/2022,,3.51606,24%,04/01/2019,03/31/2022,,N,07/01/2021,06/30/2022,*
390028,UPMC MERCY,38300,"Pittsburgh, PA",81.31,20%,07/01/2021,06/30/2022,,N/A,N/A,04/01/2019,03/31/2022,1,N,07/01/2021,06/30/2022,
390032,ALLEGHENY VALLEY HOSPITAL,38300,"Pittsburgh, PA",84.5,57%,07/01/2021,06/30/2022,,N/A,N/A,04/01/2019,03/31/2022,1,N,07/01/2021,06/30/2022,
390036,HERITAGE VALLEY BEAVER,38300,"Pittsburgh, PA",83.31,42%,07/01/2021,06/30/2022,,3.0044,59%,04/01/2019,03/31/2022,,N,07/01/2021,06/30/2022,
390037,HERITAGE VALLEY SEWICKLEY,38300,"Pittsburgh, PA",85.13,66%,07/01/2021,06/30/2022,,2.27244,97%,04/01/2019,03/31/2022,,N,07/01/2021,06/30/2022,
390041,UNIONTOWN HOSPITAL,38300,"Pittsburgh, PA",79.81,11%,07/01/2021,06/30/2022,,3.42772,29%,04/01/2019,03/31/2022,,N,07/01/2021,06/30/2022,*
390042,"WASHINGTON HOSPITAL, THE",38300,"Pittsburgh, PA",85.88,75%,07/01/2021,06/30/2022,,2.8515,73%,04/01/2019,03/31/2022,,N,07/01/2021,06/30/2022,
390050,ALLEGHENY GENERAL HOSPITAL,38300,"Pittsburgh, PA",83.5,44%,07/01/2021,06/30/2022,,3.06874,54%,04/01/2019,03/31/2022,,N,07/01/2021,06/30/2022,
390058,UPMC CARLISLE,25420,"Harrisburg-Carlisle, PA",84.44,56%,07/01/2021,06/30/2022,,3.37746,32%,04/01/2019,03/31/2022,,N,07/01/2021,06/30/2022,
390090,WEST PENN HOSPITAL,38300,"Pittsburgh, PA",86.31,80%,07/01/2021,06/30/2022,,N/A,N/A,04/01/2019,03/31/2022,1,N,07/01/2021,06/30/2022,
390102,UPMC ST MARGARET,38300,"Pittsburgh, PA",85.63,73%,07/01/2021,06/30/2022,,2.94024,64%,04/01/2019,03/31/2022,,Y,07/01/2021,06/30/2022,
390107,UPMC PASSAVANT,38300,"Pittsburgh, PA",86.31,80%,07/01/2021,06/30/2022,,2.95888,63%,04/01/2019,03/31/2022,,Y,07/01/2021,06/30/2022,
390114,MAGEE WOMENS HOSPITAL OF UPMC HEALTH SYSTEM,38300,"Pittsburgh, PA",85.56,72%,07/01/2021,06/30/2022,,3.31608,36%,04/01/2019,03/31/2022,,Y,07/01/2021,06/30/2022,
390145,EXCELA HEALTH WESTMORELAND HOSPITAL,38300,"Pittsburgh, PA",83.88,49%,07/01/2021,06/30/2022,,2.59396,89%,04/01/2019,03/31/2022,,N,07/01/2021,06/30/2022,
390147,PENN HIGHLANDS MON VALLEY,38300,"Pittsburgh, PA",82,26%,07/01/2021,06/30/2022,,3.17682,46%,04/01/2019,03/31/2022,,N,07/01/2021,06/30/2022,
390157,HERITAGE VALLEY KENNEDY,38300,"Pittsburgh, PA",81.75,24%,07/01/2021,06/30/2022,,2.94597,64%,04/01/2019,03/31/2022,,N,07/01/2021,06/30/2022,
390160,CANONSBURG GENERAL HOSPITAL,38300,"Pittsburgh, PA",82.81,35%,07/01/2021,06/30/2022,,N/A,N/A,04/01/2019,03/31/2022,1,N,07/01/2021,06/30/2022,
390219,EXCELA HEALTH LATROBE HOSPITAL,38300,"Pittsburgh, PA",84.19,53%,07/01/2021,06/30/2022,,3.71279,15%,04/01/2019,03/31/2022,,N,07/01/2021,06/30/2022,
390228,ST CLAIR HOSPITAL,38300,"Pittsburgh, PA",85.06,65%,07/01/2021,06/30/2022,,2.49246,93%,04/01/2019,03/31/2022,,N,07/01/2021,06/30/2022,
390265,JEFFERSON HOSPITAL,38300,"Pittsburgh, PA",85.44,70%,07/01/2021,06/30/2022,,3.55366,22%,04/01/2019,03/31/2022,,N,07/01/2021,06/30/2022,
390267,FORBES HOSPITAL,38300,"Pittsburgh, PA",84.88,63%,07/01/2021,06/30/2022,,4.61411,2%,04/01/2019,03/31/2022,,N,07/01/2021,06/30/2022,
390316,SURGICAL INSTITUTE OF READING,39740,"Reading, PA",92.5,99%,07/01/2021,06/30/2022,,3.56166,22%,04/01/2019,03/31/2022,,N,07/01/2021,06/30/2022,
390323,ADVANCED SURGICAL HOSPITAL,38300,"Pittsburgh, PA",95.38,100%,07/01/2021,06/30/2022,,2.67472,85%,04/01/2019,03/31/2022,,N,07/01/2021,06/30/2022,
390328,UPMC EAST,38300,"Pittsburgh, PA",84.81,62%,07/01/2021,06/30/2022,,3.15563,47%,04/01/2019,03/31/2022,,Y,07/01/2021,06/30/2022,
440048,BAPTIST MEMORIAL HOSPITAL,32820,"Memphis, TN-MS-AR",81.31,20%,07/01/2021,06/30/2022,,3.34126,34%,04/01/2019,03/31/2022,,N,07/01/2021,06/30/2022,
440049,METHODIST HOSPITALS OF MEMPHIS,32820,"Memphis, TN-MS-AR",83.44,43%,07/01/2021,06/30/2022,,1.87851,100%,04/01/2019,03/31/2022,,N,07/01/2021,06/30/2022,
440152,REGIONAL ONE HEALTH,32820,"Memphis, TN-MS-AR",78.31,6%,07/01/2021,06/30/2022,,3.18528,45%,04/01/2019,03/31/2022,,N,07/01/2021,06/30/2022,
440159,DELTA SPECIALTY HOSPITAL,32820,"Memphis, TN-MS-AR",N/A,N/A,07/01/2021,06/30/2022,***,N/A,N/A,04/01/2019,03/31/2022,5,N,07/01/2021,06/30/2022,**
440183,ST FRANCIS HOSPITAL,32820,"Memphis, TN-MS-AR",77.44,4%,07/01/2021,06/30/2022,,3.4119,30%,04/01/2019,03/31/2022,,N,07/01/2021,06/30/2022,
440228,SAINT FRANCIS BARTLETT MEDICAL CENTER,32820,"Memphis, TN-MS-AR",78.63,7%,07/01/2021,06/30/2022,,3.10777,51%,04/01/2019,03/31/2022,,N,07/01/2021,06/30/2022,
450040,COVENANT MEDICAL CENTER,31180,"Lubbock, TX",82.88,36%,07/01/2021,06/30/2022,,3.41064,30%,04/01/2019,03/31/2022,,N,07/01/2021,06/30/2022,
450046,CHRISTUS SPOHN HOSPITAL CORPUS CHRISTI,18580,"Corpus Christi, TX",83.5,44%,07/01/2021,06/30/2022,,N/A,N/A,04/01/2019,03/31/2022,1,N,07/01/2021,06/30/2022,
450054,BAYLOR SCOTT & WHITE MEDICAL CENTER - TEMPLE,28660,"Killeen-Temple, TX",85.63,73%,07/01/2021,06/30/2022,,3.08291,53%,04/01/2019,03/31/2022,,Y,07/01/2021,06/30/2022,
450056,ASCENSION SETON MEDICAL CENTER AUSTIN,12420,"Austin-Round Rock, TX",84.63,59%,07/01/2021,06/30/2022,,2.8402,74%,04/01/2019,03/31/2022,,N,07/01/2021,06/30/2022,
450083,UT HEALTH EAST TEXAS TYLER REGIONAL HOSPITAL,46340,"Tyler, TX",81.75,24%,07/01/2021,06/30/2022,,2.84942,73%,04/01/2019,03/31/2022,,N,07/01/2021,06/30/2022,
450152,ADVENTHEALTH CENTRAL TEXAS,28660,"Killeen-Temple, TX",85.88,75%,07/01/2021,06/30/2022,,N/A,N/A,04/01/2019,03/31/2022,1,N,07/01/2021,06/30/2022,
450162,GRACE SURGICAL HOSPITAL,31180,"Lubbock, TX",N/A,N/A,07/01/2021,06/30/2022,***,3.08254,53%,04/01/2019,03/31/2022,,N,07/01/2021,06/30/2022,
450272,CHRISTUS SANTA ROSA HOSPITAL-SAN MARCOS,12420,"Austin-Round Rock, TX",84.63,59%,07/01/2021,06/30/2022,,N/A,N/A,04/01/2019,03/31/2022,1,N,07/01/2021,06/30/2022,
450431,ST DAVID'S MEDICAL CENTER,12420,"Austin-Round Rock, TX",86.5,82%,07/01/2021,06/30/2022,,2.29812,96%,04/01/2019,03/31/2022,,N,07/01/2021,06/30/2022,
450518,THE MEDICAL CENTER OF SOUTHEAST TEXAS,13140,"Beaumont-Port Arthur, TX",80.06,12%,07/01/2021,06/30/2022,,N/A,N/A,04/01/2019,03/31/2022,1,N,07/01/2021,06/30/2022,
450713,ST DAVID'S SOUTH AUSTIN MEDICAL CENTER,12420,"Austin-Round Rock, TX",84.56,58%,07/01/2021,06/30/2022,,2.88947,69%,04/01/2019,03/31/2022,,N,07/01/2021,06/30/2022,
450718,ROUND ROCK MEDICAL CENTER,12420,"Austin-Round Rock, TX",83.75,47%,07/01/2021,06/30/2022,,2.89091,69%,04/01/2019,03/31/2022,,N,07/01/2021,06/30/2022,
450788,"CORPUS CHRISTI MEDICAL CENTER,THE",18580,"Corpus Christi, TX",81.13,19%,07/01/2021,06/30/2022,,3.62714,18%,04/01/2019,03/31/2022,,N,07/01/2021,06/30/2022,*
450808,NORTHWEST HILLS SURGICAL HOSPITAL,12420,"Austin-Round Rock, TX",N/A,N/A,07/01/2021,06/30/2022,***,N/A,N/A,04/01/2019,03/31/2022,1,N,07/01/2021,06/30/2022,
450809,NORTH AUSTIN MEDICAL CENTER,12420,"Austin-Round Rock, TX",83.81,48%,07/01/2021,06/30/2022,,2.66821,86%,04/01/2019,03/31/2022,,N,07/01/2021,06/30/2022,
450864,BAYLOR SCOTT & WHITE TEXAS SPINE & JOINT HOSPITAL,46340,"Tyler, TX",91.88,99%,07/01/2021,06/30/2022,,2.77723,80%,04/01/2019,03/31/2022,,Y,07/01/2021,06/30/2022,
450867,ASCENSION SETON NORTHWEST,12420,"Austin-Round Rock, TX",85,65%,07/01/2021,06/30/2022,,3.32682,35%,04/01/2019,03/31/2022,,N,07/01/2021,06/30/2022,
450871,ARISE AUSTIN MEDICAL CENTER,12420,"Austin-Round Rock, TX",N/A,N/A,07/01/2021,06/30/2022,***,2.93308,65%,04/01/2019,03/31/2022,,N,07/01/2021,06/30/2022,
450876,LUBBOCK HEART HOSPITAL LP,31180,"Lubbock, TX",85.69,73%,07/01/2021,06/30/2022,,3.64627,17%,04/01/2019,03/31/2022,,N,07/01/2021,06/30/2022,
460001,UTAH VALLEY HOSPITAL,39340,"Provo-Orem, UT",86.88,86%,07/01/2021,06/30/2022,,3.13584,49%,04/01/2019,03/31/2022,,N,07/01/2021,06/30/2022,
460013,MOUNTAIN VIEW HOSPITAL,39340,"Provo-Orem, UT",86.56,83%,07/01/2021,06/30/2022,,2.98641,61%,04/01/2019,03/31/2022,,N,07/01/2021,06/30/2022,
460023,AMERICAN FORK HOSPITAL,39340,"Provo-Orem, UT",85.5,71%,07/01/2021,06/30/2022,,N/A,N/A,04/01/2019,03/31/2022,1,N,07/01/2021,06/30/2022,
460052,TIMPANOGOS REGIONAL HOSPITAL,39340,"Provo-Orem, UT",83.94,50%,07/01/2021,06/30/2022,,3.48877,25%,04/01/2019,03/31/2022,,N,07/01/2021,06/30/2022,
670006,THE HOSPITAL AT WESTLAKE MEDICAL CENTER,12420,"Austin-Round Rock, TX",85,65%,07/01/2021,06/30/2022,,3.22311,42%,04/01/2019,03/31/2022,,N,07/01/2021,06/30/2022,
670034,SCOTT & WHITE HOSPITAL-ROUND ROCK,12420,"Austin-Round Rock, TX",87.19,88%,07/01/2021,06/30/2022,,3.43581,28%,04/01/2019,03/31/2022,,Y,07/01/2021,06/30/2022,
670041,ASCENSION SETON WILLIAMSON,12420,"Austin-Round Rock, TX",84.88,63%,07/01/2021,06/30/2022,,N/A,N/A,04/01/2019,03/31/2022,1,N,07/01/2021,06/30/2022,
670043,CEDAR PARK REGIONAL MEDICAL CENTER,12420,"Austin-Round Rock, TX",81,18%,07/01/2021,06/30/2022,,N/A,N/A,04/01/2019,03/31/2022,1,N,07/01/2021,06/30/2022,
670056,ASCENSION SETON HAYS,12420,"Austin-Round Rock, TX",84.63,59%,07/01/2021,06/30/2022,,N/A,N/A,04/01/2019,03/31/2022,1,N,07/01/2021,06/30/2022,
670061,SOUTH TEXAS SURGICAL HOSPITAL,18580,"Corpus Christi, TX",90.25,97%,07/01/2021,06/30/2022,,3.89261,10%,04/01/2019,03/31/2022,,N,07/01/2021,06/30/2022,
670080,SETON MEDICAL CENTER HARKER HEIGHTS,28660,"Killeen-Temple, TX",83.75,47%,07/01/2021,06/30/2022,,3.49434,25%,04/01/2019,03/31/2022,,N,07/01/2021,06/30/2022,
