"State","Patients who reported that staff definitely gave care in a professional way and the facility was clean","Patients who reported that staff somewhat gave care in a professional way or the facility was somewhat clean","Patients who reported that staff did not give care in a professional way or the facility was not clean","Facilities and staff linear mean score","Patients who reported that staff definitely communicated about what to expect during and after the procedure","Patients who reported that staff somewhat communicated about what to expect during and after the procedure","Patients who reported that staff did not communicate about what to expect during and after the procedure","Communication about your procedure linear mean score","Patients who gave the facility a rating of 9 or 10 on a scale from 0 (lowest) to 10 (highest)","Patients who gave the facility a rating of 7 or 8 on a scale from 0 (lowest) to 10 (highest)","Patients who gave the facility a rating of 0 to 6 on a scale from 0 (lowest) to 10 (highest)","Patients� rating of the facility linear mean score","Patients who reported YES they would DEFINITELY recommend the facility to family or friends","Patients who reported PROBABLY YES they would recommend the facility to family or friends","Patients who reported NO, they would not recommend the facility to family or friends","Patients recommending the facility linear mean score","Number of Sampled Patients","Number of Completed Surveys","Survey Response Rate Percent","Start Date","End Date"
Alabama,97,3,0,98,93,5,2,95,88,10,2,95,88,10,2,95,4047,1035,27,07/01/2020,06/30/2021
Alaska,,,,,,,,,,,,,,,,,,,,,
American Samoa,,,,,,,,,,,,,,,,,,,,,
Arizona,97,3,0,99,91,7,2,95,90,9,1,96,87,11,2,95,18395,5259,29,07/01/2020,06/30/2021
Arkansas,,,,,,,,,,,,,,,,,,,,,
California,97,3,0,98,90,8,2,94,88,10,2,95,86,12,2,94,50492,15269,30,07/01/2020,06/30/2021
Colorado,97,3,0,98,91,8,1,95,88,10,2,95,85,13,2,94,18264,5350,29,07/01/2020,06/30/2021
Commonwealth of the Northern Marianas Islands,,,,,,,,,,,,,,,,,,,,,
Connecticut,97,3,0,98,92,7,1,95,91,9,0,96,88,12,0,96,863,249,29,07/01/2020,06/30/2021
Delaware,,,,,,,,,,,,,,,,,,,,,
District of Columbia,,,,,,,,,,,,,,,,,,,,,
Florida,97,3,0,98,91,7,2,94,89,9,2,95,88,10,2,95,34472,12483,36,07/01/2020,06/30/2021
Georgia,97,3,0,98,92,6,2,95,90,8,2,96,90,8,2,96,17943,4484,25,07/01/2020,06/30/2021
Guam,,,,,,,,,,,,,,,,,,,,,
Hawaii,99,1,0,99,93,5,2,95,90,8,2,96,89,10,1,96,4606,1821,40,07/01/2020,06/30/2021
Idaho,98,2,0,99,93,5,2,96,91,7,2,96,89,9,2,96,2380,668,31,07/01/2020,06/30/2021
Illinois,97,3,0,99,91,7,2,94,88,10,2,95,85,13,2,94,10192,3530,35,07/01/2020,06/30/2021
Indiana,98,1,1,99,92,6,2,95,92,6,2,96,89,9,2,96,1521,631,41,07/01/2020,06/30/2021
Iowa,96,4,0,98,89,9,2,93,87,11,2,94,85,13,2,94,4255,1522,36,07/01/2020,06/30/2021
Kansas,98,2,0,99,90,7,3,94,88,10,2,95,86,13,1,95,1291,569,44,07/01/2020,06/30/2021
Kentucky,,,,,,,,,,,,,,,,,,,,,
Louisiana,98,1,1,99,92,6,2,95,89,9,2,95,88,10,2,95,7575,2135,28,07/01/2020,06/30/2021
Maine,98,2,0,99,93,6,1,96,93,6,1,96,90,8,2,96,510,163,32,07/01/2020,06/30/2021
Maryland,96,4,0,98,92,7,1,96,87,11,2,95,85,13,2,94,15093,3674,24,07/01/2020,06/30/2021
Massachusetts,97,3,0,99,93,5,2,96,89,10,1,95,88,11,1,96,1195,495,41,07/01/2020,06/30/2021
Michigan,97,3,0,98,90,8,2,94,88,10,2,95,87,12,1,95,10549,3540,35,07/01/2020,06/30/2021
Minnesota,98,2,0,99,92,7,1,96,89,9,2,95,86,13,1,95,4073,1475,36,07/01/2020,06/30/2021
Mississippi,97,3,0,99,93,5,2,95,91,8,1,96,92,7,1,97,4678,1253,27,07/01/2020,06/30/2021
Missouri,97,3,0,99,92,7,1,95,90,8,2,95,87,11,2,95,21137,7406,35,07/01/2020,06/30/2021
Montana,97,3,0,98,87,10,3,92,88,11,1,95,89,10,1,96,924,250,27,07/01/2020,06/30/2021
Nebraska,97,3,0,98,92,7,1,96,87,11,2,94,84,15,1,94,1634,536,33,07/01/2020,06/30/2021
Nevada,98,2,0,99,90,8,2,94,89,9,2,95,88,10,2,96,4943,1151,23,07/01/2020,06/30/2021
New Hampshire,98,2,0,99,93,5,2,96,91,8,1,96,89,9,2,95,2765,834,30,07/01/2020,06/30/2021
New Jersey,98,2,0,99,91,7,2,94,90,9,1,96,87,11,2,95,24074,7951,33,07/01/2020,06/30/2021
New Mexico,97,3,0,98,89,9,2,93,85,12,3,94,80,18,2,92,3836,1165,30,07/01/2020,06/30/2021
New York,,,,,,,,,,,,,,,,,,,,,
North Carolina,97,3,0,99,93,6,1,96,89,10,1,95,90,8,2,96,10615,2525,24,07/01/2020,06/30/2021
North Dakota,98,2,0,99,91,8,1,95,89,9,2,94,86,12,2,95,514,192,37,07/01/2020,06/30/2021
Ohio,98,2,0,99,92,6,2,95,91,8,1,96,89,10,1,96,7201,2538,35,07/01/2020,06/30/2021
Oklahoma,96,3,1,98,88,9,3,93,85,12,3,94,85,12,3,94,3691,1264,34,07/01/2020,06/30/2021
Oregon,97,3,0,98,90,8,2,94,87,11,2,95,85,13,2,94,22744,7423,33,07/01/2020,06/30/2021
Pennsylvania,98,2,0,99,92,6,2,95,90,9,1,96,89,10,1,96,16095,6085,38,07/01/2020,06/30/2021
Puerto Rico,,,,,,,,,,,,,,,,,,,,,
Rhode Island,,,,,,,,,,,,,,,,,,,,,
South Carolina,98,2,0,99,92,6,2,95,91,8,1,96,89,9,2,95,5703,2247,39,07/01/2020,06/30/2021
South Dakota,,,,,,,,,,,,,,,,,,,,,
Tennessee,97,3,0,98,92,7,1,95,90,9,1,96,89,10,1,96,31256,8372,27,07/01/2020,06/30/2021
Texas,97,3,0,98,91,7,2,95,89,9,2,95,87,11,2,95,87843,21937,25,07/01/2020,06/30/2021
Utah,98,2,0,99,91,7,2,95,90,9,1,96,88,11,1,96,4080,1123,28,07/01/2020,06/30/2021
Vermont,,,,,,,,,,,,,,,,,,,,,
Virgin Islands,,,,,,,,,,,,,,,,,,,,,
Virginia,98,2,0,99,92,7,1,95,90,9,1,95,88,11,1,95,11341,3519,31,07/01/2020,06/30/2021
Washington,98,2,0,99,92,7,1,96,89,9,2,95,87,11,2,95,28063,8133,29,07/01/2020,06/30/2021
West Virginia,,,,,,,,,,,,,,,,,,,,,
Wisconsin,98,2,0,99,93,6,1,96,87,11,2,94,87,10,3,94,1892,722,38,07/01/2020,06/30/2021
Wyoming,97,3,0,99,92,7,1,96,89,9,2,95,89,10,1,96,2887,1028,36,07/01/2020,06/30/2021
